,shot_id,shot_made_flag
0,1,0.0
1,8,1.0
2,17,1.0
3,20,0.0
4,33,0.0
5,34,1.0
6,35,1.0
7,36,1.0
8,37,1.0
9,38,1.0
10,45,1.0
11,50,0.0
12,55,1.0
13,60,1.0
14,66,0.0
15,67,1.0
16,71,0.0
17,80,0.0
18,85,0.0
19,86,1.0
20,95,1.0
21,104,1.0
22,113,0.0
23,123,0.0
24,126,1.0
25,133,0.0
26,141,1.0
27,144,1.0
28,150,0.0
29,152,0.0
30,153,0.0
31,156,1.0
32,159,1.0
33,165,1.0
34,172,0.0
35,182,1.0
36,192,0.0
37,193,0.0
38,196,0.0
39,202,0.0
40,210,1.0
41,211,0.0
42,228,1.0
43,257,0.0
44,260,0.0
45,264,0.0
46,267,1.0
47,279,1.0
48,282,0.0
49,293,0.0
50,299,1.0
51,300,1.0
52,301,1.0
53,317,1.0
54,327,0.0
55,328,1.0
56,335,0.0
57,346,1.0
58,348,0.0
59,365,0.0
60,390,1.0
61,391,0.0
62,392,1.0
63,397,0.0
64,418,1.0
65,428,0.0
66,434,1.0
67,439,1.0
68,440,1.0
69,456,1.0
70,459,0.0
71,472,0.0
72,480,0.0
73,491,0.0
74,497,0.0
75,509,1.0
76,511,1.0
77,523,0.0
78,533,0.0
79,544,0.0
80,546,1.0
81,555,1.0
82,558,0.0
83,560,1.0
84,573,0.0
85,591,0.0
86,596,0.0
87,597,1.0
88,601,1.0
89,605,1.0
90,617,1.0
91,628,1.0
92,634,1.0
93,646,0.0
94,649,1.0
95,651,1.0
96,654,1.0
97,656,1.0
98,657,1.0
99,669,0.0
100,670,1.0
101,693,1.0
102,694,0.0
103,699,0.0
104,711,1.0
105,718,0.0
106,722,0.0
107,723,0.0
108,725,1.0
109,734,1.0
110,735,1.0
111,737,1.0
112,746,0.0
113,747,1.0
114,766,0.0
115,767,0.0
116,771,1.0
117,773,0.0
118,774,0.0
119,783,0.0
120,784,1.0
121,789,0.0
122,792,0.0
123,804,1.0
124,809,0.0
125,812,0.0
126,813,1.0
127,817,1.0
128,820,0.0
129,825,0.0
130,826,0.0
131,829,1.0
132,855,1.0
133,859,1.0
134,862,0.0
135,870,1.0
136,876,0.0
137,880,1.0
138,886,1.0
139,889,1.0
140,891,1.0
141,897,1.0
142,902,0.0
143,903,1.0
144,908,0.0
145,909,0.0
146,920,0.0
147,922,0.0
148,924,1.0
149,932,1.0
150,934,0.0
151,937,1.0
152,941,0.0
153,943,0.0
154,950,1.0
155,952,0.0
156,954,1.0
157,963,1.0
158,975,0.0
159,979,1.0
160,981,1.0
161,983,1.0
162,985,0.0
163,989,1.0
164,995,1.0
165,998,0.0
166,1008,0.0
167,1019,1.0
168,1023,0.0
169,1026,0.0
170,1029,1.0
171,1034,1.0
172,1036,1.0
173,1038,0.0
174,1039,0.0
175,1051,0.0
176,1052,0.0
177,1066,0.0
178,1087,0.0
179,1092,1.0
180,1094,1.0
181,1098,0.0
182,1099,1.0
183,1102,0.0
184,1118,1.0
185,1131,0.0
186,1133,1.0
187,1135,0.0
188,1138,1.0
189,1139,1.0
190,1142,0.0
191,1151,0.0
192,1152,0.0
193,1155,1.0
194,1165,0.0
195,1167,1.0
196,1172,1.0
197,1174,1.0
198,1180,1.0
199,1200,1.0
200,1202,1.0
201,1227,1.0
202,1228,1.0
203,1229,0.0
204,1237,0.0
205,1241,1.0
206,1256,0.0
207,1279,0.0
208,1293,1.0
209,1295,0.0
210,1319,1.0
211,1320,0.0
212,1321,0.0
213,1322,1.0
214,1334,1.0
215,1351,1.0
216,1373,1.0
217,1375,1.0
218,1380,0.0
219,1382,1.0
220,1385,1.0
221,1399,0.0
222,1403,0.0
223,1428,0.0
224,1434,0.0
225,1444,1.0
226,1448,0.0
227,1466,1.0
228,1476,0.0
229,1478,1.0
230,1485,0.0
231,1491,1.0
232,1494,0.0
233,1500,0.0
234,1501,0.0
235,1503,1.0
236,1519,1.0
237,1524,0.0
238,1529,0.0
239,1533,1.0
240,1538,1.0
241,1539,1.0
242,1546,1.0
243,1555,1.0
244,1559,0.0
245,1563,1.0
246,1565,0.0
247,1574,0.0
248,1591,0.0
249,1594,0.0
250,1605,0.0
251,1611,1.0
252,1614,0.0
253,1620,1.0
254,1626,0.0
255,1630,1.0
256,1632,0.0
257,1634,0.0
258,1643,0.0
259,1651,1.0
260,1655,1.0
261,1658,0.0
262,1659,0.0
263,1665,0.0
264,1675,0.0
265,1680,0.0
266,1690,0.0
267,1696,1.0
268,1714,0.0
269,1721,0.0
270,1726,0.0
271,1728,1.0
272,1734,1.0
273,1735,0.0
274,1740,0.0
275,1744,1.0
276,1747,0.0
277,1752,0.0
278,1763,1.0
279,1765,1.0
280,1769,0.0
281,1785,0.0
282,1787,1.0
283,1788,1.0
284,1793,0.0
285,1800,0.0
286,1825,1.0
287,1826,1.0
288,1834,0.0
289,1843,1.0
290,1844,1.0
291,1848,1.0
292,1849,0.0
293,1860,0.0
294,1863,0.0
295,1875,1.0
296,1883,1.0
297,1890,1.0
298,1892,0.0
299,1893,0.0
300,1897,1.0
301,1905,1.0
302,1908,1.0
303,1931,1.0
304,1940,0.0
305,1943,0.0
306,1947,0.0
307,1965,0.0
308,1967,0.0
309,1968,0.0
310,1972,1.0
311,1982,0.0
312,1985,1.0
313,2005,1.0
314,2010,0.0
315,2021,0.0
316,2024,1.0
317,2036,0.0
318,2043,1.0
319,2047,1.0
320,2049,0.0
321,2055,0.0
322,2065,0.0
323,2066,1.0
324,2070,0.0
325,2077,1.0
326,2085,0.0
327,2095,1.0
328,2097,1.0
329,2108,0.0
330,2112,1.0
331,2113,1.0
332,2122,0.0
333,2139,0.0
334,2144,1.0
335,2146,0.0
336,2148,0.0
337,2149,0.0
338,2157,0.0
339,2159,0.0
340,2168,0.0
341,2176,1.0
342,2178,0.0
343,2181,1.0
344,2187,1.0
345,2188,1.0
346,2190,0.0
347,2194,0.0
348,2197,0.0
349,2214,0.0
350,2217,0.0
351,2222,0.0
352,2223,0.0
353,2226,0.0
354,2230,1.0
355,2240,1.0
356,2247,1.0
357,2250,1.0
358,2259,1.0
359,2262,1.0
360,2266,1.0
361,2305,1.0
362,2310,0.0
363,2313,0.0
364,2319,1.0
365,2320,1.0
366,2345,0.0
367,2350,1.0
368,2356,0.0
369,2360,1.0
370,2370,1.0
371,2386,0.0
372,2398,0.0
373,2414,0.0
374,2435,0.0
375,2439,0.0
376,2446,0.0
377,2458,0.0
378,2465,0.0
379,2466,0.0
380,2470,0.0
381,2495,1.0
382,2501,1.0
383,2507,0.0
384,2533,0.0
385,2537,0.0
386,2538,0.0
387,2541,0.0
388,2542,1.0
389,2544,0.0
390,2554,0.0
391,2555,0.0
392,2565,1.0
393,2575,1.0
394,2586,1.0
395,2588,0.0
396,2594,1.0
397,2617,0.0
398,2618,1.0
399,2623,1.0
400,2631,1.0
401,2640,0.0
402,2642,1.0
403,2647,1.0
404,2663,1.0
405,2664,0.0
406,2676,1.0
407,2680,1.0
408,2681,0.0
409,2691,0.0
410,2693,0.0
411,2695,0.0
412,2704,0.0
413,2708,0.0
414,2709,1.0
415,2717,1.0
416,2722,1.0
417,2728,0.0
418,2732,1.0
419,2743,0.0
420,2752,0.0
421,2757,0.0
422,2761,0.0
423,2769,0.0
424,2771,0.0
425,2774,0.0
426,2776,0.0
427,2781,0.0
428,2793,0.0
429,2799,0.0
430,2803,1.0
431,2811,1.0
432,2818,0.0
433,2824,0.0
434,2828,1.0
435,2829,0.0
436,2830,0.0
437,2842,1.0
438,2847,0.0
439,2848,0.0
440,2868,0.0
441,2870,0.0
442,2885,1.0
443,2886,1.0
444,2889,1.0
445,2903,0.0
446,2904,1.0
447,2918,1.0
448,2919,0.0
449,2922,0.0
450,2923,0.0
451,2931,0.0
452,2945,1.0
453,2955,1.0
454,2957,0.0
455,2960,1.0
456,2963,1.0
457,2966,1.0
458,2972,1.0
459,2974,1.0
460,2982,1.0
461,2984,0.0
462,3016,0.0
463,3021,1.0
464,3023,1.0
465,3025,0.0
466,3029,0.0
467,3034,0.0
468,3038,1.0
469,3040,0.0
470,3051,1.0
471,3062,0.0
472,3069,1.0
473,3071,1.0
474,3076,1.0
475,3079,1.0
476,3081,1.0
477,3082,0.0
478,3084,1.0
479,3098,0.0
480,3104,0.0
481,3105,1.0
482,3114,0.0
483,3118,0.0
484,3122,1.0
485,3132,0.0
486,3138,0.0
487,3141,0.0
488,3156,0.0
489,3162,1.0
490,3167,0.0
491,3170,0.0
492,3171,0.0
493,3172,1.0
494,3176,1.0
495,3180,1.0
496,3189,0.0
497,3198,1.0
498,3206,1.0
499,3215,0.0
500,3222,0.0
501,3228,0.0
502,3229,1.0
503,3232,0.0
504,3233,0.0
505,3238,1.0
506,3256,0.0
507,3264,0.0
508,3273,0.0
509,3275,1.0
510,3285,1.0
511,3289,0.0
512,3294,1.0
513,3306,1.0
514,3311,1.0
515,3318,1.0
516,3322,1.0
517,3324,1.0
518,3334,1.0
519,3341,0.0
520,3345,1.0
521,3346,1.0
522,3352,1.0
523,3368,0.0
524,3371,0.0
525,3372,0.0
526,3375,0.0
527,3384,0.0
528,3387,0.0
529,3393,1.0
530,3406,0.0
531,3411,1.0
532,3412,1.0
533,3414,1.0
534,3417,1.0
535,3420,0.0
536,3423,0.0
537,3436,0.0
538,3438,1.0
539,3442,0.0
540,3443,0.0
541,3451,1.0
542,3461,0.0
543,3489,1.0
544,3491,0.0
545,3510,1.0
546,3515,0.0
547,3527,0.0
548,3530,0.0
549,3540,1.0
550,3582,0.0
551,3604,1.0
552,3605,0.0
553,3609,1.0
554,3624,0.0
555,3628,0.0
556,3630,0.0
557,3641,0.0
558,3642,0.0
559,3648,0.0
560,3650,1.0
561,3652,1.0
562,3660,0.0
563,3664,0.0
564,3670,1.0
565,3672,0.0
566,3680,0.0
567,3682,1.0
568,3685,0.0
569,3686,0.0
570,3689,0.0
571,3705,0.0
572,3712,0.0
573,3713,1.0
574,3719,1.0
575,3721,0.0
576,3723,1.0
577,3724,1.0
578,3727,0.0
579,3733,0.0
580,3734,1.0
581,3742,0.0
582,3770,1.0
583,3777,1.0
584,3778,1.0
585,3780,1.0
586,3783,1.0
587,3784,0.0
588,3788,0.0
589,3790,0.0
590,3794,0.0
591,3795,0.0
592,3796,0.0
593,3801,0.0
594,3806,1.0
595,3813,0.0
596,3814,0.0
597,3818,0.0
598,3824,0.0
599,3836,1.0
600,3853,1.0
601,3855,1.0
602,3858,0.0
603,3861,1.0
604,3866,0.0
605,3870,1.0
606,3874,1.0
607,3876,1.0
608,3878,1.0
609,3890,0.0
610,3900,1.0
611,3904,0.0
612,3906,0.0
613,3907,0.0
614,3908,1.0
615,3912,0.0
616,3918,1.0
617,3923,1.0
618,3924,0.0
619,3925,0.0
620,3927,1.0
621,3955,1.0
622,3964,1.0
623,3969,0.0
624,3974,0.0
625,3976,1.0
626,3984,0.0
627,3991,1.0
628,3993,1.0
629,4009,0.0
630,4011,1.0
631,4020,1.0
632,4033,0.0
633,4041,0.0
634,4045,1.0
635,4052,0.0
636,4055,0.0
637,4056,0.0
638,4057,0.0
639,4067,1.0
640,4069,1.0
641,4077,1.0
642,4094,0.0
643,4095,0.0
644,4100,1.0
645,4119,0.0
646,4130,1.0
647,4131,0.0
648,4132,1.0
649,4134,0.0
650,4137,1.0
651,4138,0.0
652,4143,1.0
653,4145,0.0
654,4148,0.0
655,4163,0.0
656,4166,0.0
657,4169,1.0
658,4170,1.0
659,4174,1.0
660,4180,1.0
661,4199,1.0
662,4201,0.0
663,4203,0.0
664,4210,1.0
665,4211,0.0
666,4213,1.0
667,4225,1.0
668,4235,1.0
669,4242,0.0
670,4245,1.0
671,4250,0.0
672,4252,1.0
673,4254,1.0
674,4263,1.0
675,4264,0.0
676,4268,0.0
677,4270,1.0
678,4282,1.0
679,4283,1.0
680,4291,0.0
681,4304,0.0
682,4306,1.0
683,4309,0.0
684,4310,0.0
685,4313,0.0
686,4314,0.0
687,4315,0.0
688,4321,1.0
689,4324,0.0
690,4325,1.0
691,4328,0.0
692,4329,1.0
693,4332,0.0
694,4337,0.0
695,4342,1.0
696,4344,0.0
697,4352,0.0
698,4355,0.0
699,4366,0.0
700,4371,0.0
701,4372,0.0
702,4376,0.0
703,4384,0.0
704,4387,0.0
705,4389,1.0
706,4390,0.0
707,4406,0.0
708,4407,1.0
709,4409,1.0
710,4410,1.0
711,4424,1.0
712,4434,0.0
713,4452,1.0
714,4460,0.0
715,4470,1.0
716,4480,1.0
717,4496,1.0
718,4503,0.0
719,4512,0.0
720,4518,0.0
721,4519,1.0
722,4522,0.0
723,4525,0.0
724,4537,0.0
725,4546,0.0
726,4547,1.0
727,4553,0.0
728,4556,1.0
729,4558,1.0
730,4563,0.0
731,4568,0.0
732,4574,1.0
733,4578,0.0
734,4587,0.0
735,4592,1.0
736,4610,0.0
737,4615,1.0
738,4619,0.0
739,4620,1.0
740,4625,0.0
741,4635,1.0
742,4636,1.0
743,4641,0.0
744,4650,0.0
745,4653,1.0
746,4665,1.0
747,4668,1.0
748,4669,0.0
749,4670,0.0
750,4674,0.0
751,4675,0.0
752,4676,1.0
753,4679,0.0
754,4680,1.0
755,4686,0.0
756,4699,1.0
757,4713,0.0
758,4718,1.0
759,4721,0.0
760,4722,0.0
761,4724,1.0
762,4730,0.0
763,4731,1.0
764,4735,1.0
765,4743,0.0
766,4745,0.0
767,4746,1.0
768,4747,0.0
769,4748,0.0
770,4769,0.0
771,4771,1.0
772,4774,1.0
773,4784,1.0
774,4797,0.0
775,4801,0.0
776,4804,1.0
777,4820,1.0
778,4833,0.0
779,4834,1.0
780,4851,0.0
781,4859,1.0
782,4860,1.0
783,4863,0.0
784,4873,1.0
785,4881,1.0
786,4892,0.0
787,4908,0.0
788,4911,0.0
789,4915,0.0
790,4922,1.0
791,4929,0.0
792,4936,1.0
793,4939,1.0
794,4951,0.0
795,4956,0.0
796,4961,0.0
797,4964,0.0
798,4981,1.0
799,4991,1.0
800,4992,0.0
801,4997,1.0
802,5004,0.0
803,5010,0.0
804,5012,0.0
805,5015,0.0
806,5020,1.0
807,5030,0.0
808,5051,1.0
809,5052,0.0
810,5057,1.0
811,5058,1.0
812,5060,0.0
813,5061,0.0
814,5064,0.0
815,5078,1.0
816,5080,1.0
817,5088,0.0
818,5089,0.0
819,5090,0.0
820,5103,1.0
821,5108,0.0
822,5114,1.0
823,5115,0.0
824,5124,1.0
825,5137,0.0
826,5139,1.0
827,5144,0.0
828,5149,1.0
829,5157,1.0
830,5163,0.0
831,5174,0.0
832,5176,0.0
833,5179,0.0
834,5186,1.0
835,5203,1.0
836,5204,1.0
837,5206,0.0
838,5207,1.0
839,5220,0.0
840,5221,1.0
841,5224,1.0
842,5227,0.0
843,5229,1.0
844,5232,0.0
845,5240,1.0
846,5242,0.0
847,5243,1.0
848,5245,0.0
849,5248,0.0
850,5249,0.0
851,5254,1.0
852,5269,0.0
853,5272,1.0
854,5276,0.0
855,5286,1.0
856,5290,0.0
857,5308,1.0
858,5316,0.0
859,5318,0.0
860,5319,1.0
861,5320,0.0
862,5322,0.0
863,5324,0.0
864,5331,0.0
865,5336,1.0
866,5344,0.0
867,5354,0.0
868,5356,0.0
869,5358,0.0
870,5361,0.0
871,5365,1.0
872,5370,1.0
873,5376,1.0
874,5383,1.0
875,5384,0.0
876,5385,0.0
877,5393,1.0
878,5397,1.0
879,5398,0.0
880,5402,1.0
881,5407,0.0
882,5409,1.0
883,5425,0.0
884,5428,1.0
885,5430,0.0
886,5442,0.0
887,5447,0.0
888,5470,0.0
889,5485,1.0
890,5493,0.0
891,5502,0.0
892,5504,1.0
893,5517,0.0
894,5522,0.0
895,5527,1.0
896,5528,0.0
897,5536,1.0
898,5545,0.0
899,5576,0.0
900,5577,0.0
901,5592,0.0
902,5594,0.0
903,5595,0.0
904,5596,0.0
905,5599,1.0
906,5606,0.0
907,5617,0.0
908,5625,1.0
909,5626,0.0
910,5627,0.0
911,5642,1.0
912,5659,1.0
913,5664,1.0
914,5666,1.0
915,5671,0.0
916,5674,1.0
917,5677,0.0
918,5681,1.0
919,5683,0.0
920,5700,0.0
921,5713,0.0
922,5715,1.0
923,5718,0.0
924,5726,1.0
925,5738,1.0
926,5741,1.0
927,5743,0.0
928,5753,0.0
929,5761,0.0
930,5789,1.0
931,5797,1.0
932,5803,1.0
933,5810,0.0
934,5813,0.0
935,5817,0.0
936,5818,0.0
937,5822,0.0
938,5829,1.0
939,5846,0.0
940,5847,1.0
941,5854,0.0
942,5858,0.0
943,5863,1.0
944,5869,0.0
945,5870,0.0
946,5876,0.0
947,5881,0.0
948,5901,0.0
949,5922,1.0
950,5928,1.0
951,5933,0.0
952,5934,1.0
953,5946,0.0
954,5951,0.0
955,5955,0.0
956,5956,1.0
957,5965,1.0
958,5972,0.0
959,5981,0.0
960,5997,0.0
961,6005,0.0
962,6009,0.0
963,6010,1.0
964,6015,0.0
965,6039,0.0
966,6047,1.0
967,6051,0.0
968,6056,0.0
969,6061,0.0
970,6064,0.0
971,6065,1.0
972,6070,0.0
973,6085,0.0
974,6086,0.0
975,6091,1.0
976,6097,0.0
977,6099,0.0
978,6104,0.0
979,6108,0.0
980,6109,0.0
981,6124,1.0
982,6142,0.0
983,6144,1.0
984,6150,0.0
985,6154,0.0
986,6155,0.0
987,6156,1.0
988,6158,0.0
989,6159,1.0
990,6169,1.0
991,6170,0.0
992,6179,1.0
993,6184,0.0
994,6186,1.0
995,6204,0.0
996,6230,0.0
997,6231,1.0
998,6232,1.0
999,6235,1.0
1000,6237,1.0
1001,6239,1.0
1002,6263,0.0
1003,6265,0.0
1004,6270,1.0
1005,6271,1.0
1006,6278,0.0
1007,6279,0.0
1008,6288,0.0
1009,6294,0.0
1010,6295,0.0
1011,6302,1.0
1012,6306,1.0
1013,6322,1.0
1014,6324,1.0
1015,6327,1.0
1016,6331,0.0
1017,6334,1.0
1018,6338,1.0
1019,6339,1.0
1020,6362,0.0
1021,6372,0.0
1022,6375,1.0
1023,6393,0.0
1024,6394,0.0
1025,6405,1.0
1026,6406,0.0
1027,6416,0.0
1028,6421,0.0
1029,6422,1.0
1030,6440,1.0
1031,6457,1.0
1032,6460,0.0
1033,6463,1.0
1034,6474,1.0
1035,6476,0.0
1036,6477,0.0
1037,6482,1.0
1038,6488,1.0
1039,6489,0.0
1040,6494,0.0
1041,6499,1.0
1042,6507,0.0
1043,6524,1.0
1044,6527,0.0
1045,6531,0.0
1046,6536,0.0
1047,6538,0.0
1048,6542,1.0
1049,6565,1.0
1050,6584,1.0
1051,6588,1.0
1052,6597,0.0
1053,6603,1.0
1054,6609,1.0
1055,6613,1.0
1056,6622,0.0
1057,6630,0.0
1058,6637,0.0
1059,6639,1.0
1060,6640,0.0
1061,6646,0.0
1062,6647,1.0
1063,6648,1.0
1064,6669,1.0
1065,6680,1.0
1066,6681,0.0
1067,6684,0.0
1068,6693,1.0
1069,6694,1.0
1070,6704,0.0
1071,6706,0.0
1072,6710,0.0
1073,6713,0.0
1074,6718,0.0
1075,6732,0.0
1076,6737,1.0
1077,6739,0.0
1078,6742,1.0
1079,6746,0.0
1080,6753,0.0
1081,6771,0.0
1082,6784,0.0
1083,6790,1.0
1084,6795,1.0
1085,6807,0.0
1086,6808,0.0
1087,6818,0.0
1088,6823,0.0
1089,6830,0.0
1090,6831,0.0
1091,6832,1.0
1092,6836,1.0
1093,6846,0.0
1094,6850,1.0
1095,6854,0.0
1096,6868,0.0
1097,6876,0.0
1098,6877,1.0
1099,6881,0.0
1100,6882,0.0
1101,6884,0.0
1102,6886,1.0
1103,6901,1.0
1104,6910,1.0
1105,6913,1.0
1106,6914,1.0
1107,6918,1.0
1108,6930,1.0
1109,6941,0.0
1110,6944,0.0
1111,6945,0.0
1112,6947,1.0
1113,6949,1.0
1114,6952,1.0
1115,6963,1.0
1116,6964,1.0
1117,6972,1.0
1118,6979,1.0
1119,6981,0.0
1120,6988,1.0
1121,6990,0.0
1122,6998,1.0
1123,7004,1.0
1124,7016,1.0
1125,7027,1.0
1126,7042,0.0
1127,7056,0.0
1128,7061,0.0
1129,7069,1.0
1130,7071,1.0
1131,7088,1.0
1132,7099,1.0
1133,7108,0.0
1134,7121,1.0
1135,7125,1.0
1136,7136,0.0
1137,7149,0.0
1138,7150,0.0
1139,7151,1.0
1140,7167,1.0
1141,7177,1.0
1142,7178,0.0
1143,7183,1.0
1144,7186,0.0
1145,7190,0.0
1146,7201,1.0
1147,7202,0.0
1148,7207,1.0
1149,7213,1.0
1150,7224,1.0
1151,7225,0.0
1152,7233,0.0
1153,7239,1.0
1154,7246,0.0
1155,7248,1.0
1156,7261,0.0
1157,7264,0.0
1158,7266,0.0
1159,7274,1.0
1160,7279,1.0
1161,7293,0.0
1162,7315,1.0
1163,7322,0.0
1164,7326,1.0
1165,7341,1.0
1166,7363,1.0
1167,7365,1.0
1168,7371,1.0
1169,7377,0.0
1170,7393,1.0
1171,7405,0.0
1172,7410,0.0
1173,7434,1.0
1174,7438,0.0
1175,7447,1.0
1176,7450,1.0
1177,7452,0.0
1178,7453,1.0
1179,7455,0.0
1180,7456,0.0
1181,7457,1.0
1182,7466,1.0
1183,7470,0.0
1184,7474,1.0
1185,7487,1.0
1186,7488,1.0
1187,7492,0.0
1188,7496,1.0
1189,7501,0.0
1190,7505,1.0
1191,7512,1.0
1192,7526,0.0
1193,7536,0.0
1194,7538,1.0
1195,7539,0.0
1196,7544,1.0
1197,7554,1.0
1198,7564,1.0
1199,7566,1.0
1200,7580,1.0
1201,7581,1.0
1202,7584,0.0
1203,7587,1.0
1204,7589,0.0
1205,7590,1.0
1206,7594,1.0
1207,7597,0.0
1208,7602,0.0
1209,7603,1.0
1210,7605,1.0
1211,7609,1.0
1212,7613,0.0
1213,7619,0.0
1214,7625,0.0
1215,7626,0.0
1216,7636,1.0
1217,7639,0.0
1218,7641,0.0
1219,7643,1.0
1220,7644,0.0
1221,7657,0.0
1222,7661,1.0
1223,7666,1.0
1224,7673,0.0
1225,7683,1.0
1226,7685,0.0
1227,7699,1.0
1228,7704,1.0
1229,7705,1.0
1230,7708,1.0
1231,7728,0.0
1232,7733,0.0
1233,7741,0.0
1234,7743,1.0
1235,7745,0.0
1236,7754,1.0
1237,7756,1.0
1238,7757,1.0
1239,7770,1.0
1240,7773,1.0
1241,7774,0.0
1242,7776,0.0
1243,7777,0.0
1244,7778,0.0
1245,7781,1.0
1246,7784,1.0
1247,7789,1.0
1248,7794,0.0
1249,7799,1.0
1250,7801,1.0
1251,7818,0.0
1252,7823,0.0
1253,7828,1.0
1254,7832,1.0
1255,7839,0.0
1256,7851,1.0
1257,7856,1.0
1258,7868,1.0
1259,7869,1.0
1260,7872,1.0
1261,7874,1.0
1262,7878,0.0
1263,7888,1.0
1264,7913,0.0
1265,7923,0.0
1266,7925,1.0
1267,7926,1.0
1268,7938,1.0
1269,7942,0.0
1270,7945,0.0
1271,7954,1.0
1272,7963,0.0
1273,7969,0.0
1274,7970,0.0
1275,7977,0.0
1276,7981,0.0
1277,7990,0.0
1278,8020,1.0
1279,8023,0.0
1280,8025,1.0
1281,8034,1.0
1282,8039,1.0
1283,8046,0.0
1284,8051,0.0
1285,8055,1.0
1286,8060,1.0
1287,8063,0.0
1288,8073,1.0
1289,8074,0.0
1290,8076,1.0
1291,8080,0.0
1292,8088,1.0
1293,8102,1.0
1294,8103,0.0
1295,8104,0.0
1296,8105,0.0
1297,8109,0.0
1298,8115,0.0
1299,8121,1.0
1300,8126,0.0
1301,8135,1.0
1302,8153,0.0
1303,8156,1.0
1304,8160,1.0
1305,8161,0.0
1306,8162,0.0
1307,8171,1.0
1308,8181,0.0
1309,8183,0.0
1310,8185,1.0
1311,8191,1.0
1312,8203,0.0
1313,8204,1.0
1314,8207,1.0
1315,8208,0.0
1316,8209,1.0
1317,8210,0.0
1318,8225,1.0
1319,8226,1.0
1320,8231,1.0
1321,8233,0.0
1322,8244,1.0
1323,8250,0.0
1324,8261,1.0
1325,8265,1.0
1326,8278,0.0
1327,8279,0.0
1328,8280,0.0
1329,8296,0.0
1330,8299,0.0
1331,8300,0.0
1332,8301,0.0
1333,8305,1.0
1334,8327,1.0
1335,8334,0.0
1336,8349,0.0
1337,8355,0.0
1338,8361,0.0
1339,8362,1.0
1340,8364,0.0
1341,8365,0.0
1342,8375,1.0
1343,8378,1.0
1344,8380,0.0
1345,8381,0.0
1346,8387,0.0
1347,8399,0.0
1348,8402,1.0
1349,8409,0.0
1350,8433,0.0
1351,8436,1.0
1352,8442,0.0
1353,8448,0.0
1354,8464,1.0
1355,8469,0.0
1356,8474,1.0
1357,8478,0.0
1358,8482,0.0
1359,8490,1.0
1360,8510,1.0
1361,8511,0.0
1362,8527,1.0
1363,8532,0.0
1364,8533,0.0
1365,8538,0.0
1366,8541,1.0
1367,8545,0.0
1368,8553,0.0
1369,8554,1.0
1370,8555,1.0
1371,8569,0.0
1372,8586,0.0
1373,8593,1.0
1374,8600,1.0
1375,8606,1.0
1376,8607,1.0
1377,8611,0.0
1378,8613,1.0
1379,8618,1.0
1380,8630,0.0
1381,8637,0.0
1382,8650,0.0
1383,8652,0.0
1384,8661,0.0
1385,8669,0.0
1386,8673,0.0
1387,8674,0.0
1388,8678,0.0
1389,8682,0.0
1390,8688,1.0
1391,8689,1.0
1392,8695,1.0
1393,8698,1.0
1394,8703,1.0
1395,8709,0.0
1396,8716,0.0
1397,8723,0.0
1398,8737,1.0
1399,8753,0.0
1400,8773,1.0
1401,8774,0.0
1402,8778,1.0
1403,8786,0.0
1404,8794,0.0
1405,8795,1.0
1406,8800,0.0
1407,8804,0.0
1408,8808,0.0
1409,8809,0.0
1410,8817,0.0
1411,8818,0.0
1412,8825,0.0
1413,8830,1.0
1414,8833,1.0
1415,8834,0.0
1416,8836,1.0
1417,8837,0.0
1418,8844,0.0
1419,8851,1.0
1420,8861,1.0
1421,8864,0.0
1422,8865,0.0
1423,8869,0.0
1424,8873,1.0
1425,8880,1.0
1426,8884,0.0
1427,8888,0.0
1428,8889,1.0
1429,8891,1.0
1430,8893,0.0
1431,8897,1.0
1432,8905,0.0
1433,8910,0.0
1434,8918,0.0
1435,8939,1.0
1436,8940,0.0
1437,8941,1.0
1438,8944,1.0
1439,8949,1.0
1440,8950,0.0
1441,8958,1.0
1442,8967,1.0
1443,8975,1.0
1444,8979,0.0
1445,8980,0.0
1446,8991,0.0
1447,8995,0.0
1448,8996,1.0
1449,8998,0.0
1450,9000,1.0
1451,9001,1.0
1452,9002,0.0
1453,9024,0.0
1454,9026,0.0
1455,9027,1.0
1456,9034,1.0
1457,9038,0.0
1458,9050,0.0
1459,9052,1.0
1460,9054,1.0
1461,9078,1.0
1462,9097,1.0
1463,9109,0.0
1464,9112,0.0
1465,9115,0.0
1466,9125,0.0
1467,9132,0.0
1468,9136,0.0
1469,9139,0.0
1470,9140,1.0
1471,9142,0.0
1472,9143,1.0
1473,9147,1.0
1474,9159,0.0
1475,9165,0.0
1476,9172,1.0
1477,9177,0.0
1478,9179,1.0
1479,9185,0.0
1480,9196,1.0
1481,9201,1.0
1482,9209,1.0
1483,9210,1.0
1484,9212,0.0
1485,9214,0.0
1486,9240,1.0
1487,9241,0.0
1488,9244,0.0
1489,9249,0.0
1490,9250,1.0
1491,9255,0.0
1492,9258,0.0
1493,9263,0.0
1494,9266,1.0
1495,9269,1.0
1496,9272,1.0
1497,9276,1.0
1498,9290,1.0
1499,9299,0.0
1500,9303,1.0
1501,9310,1.0
1502,9311,1.0
1503,9314,1.0
1504,9315,1.0
1505,9325,0.0
1506,9328,0.0
1507,9329,1.0
1508,9332,1.0
1509,9337,0.0
1510,9353,1.0
1511,9355,0.0
1512,9356,0.0
1513,9362,0.0
1514,9364,0.0
1515,9366,0.0
1516,9387,1.0
1517,9388,1.0
1518,9396,0.0
1519,9400,0.0
1520,9406,1.0
1521,9411,1.0
1522,9416,0.0
1523,9417,1.0
1524,9423,1.0
1525,9425,0.0
1526,9426,1.0
1527,9427,1.0
1528,9429,0.0
1529,9430,1.0
1530,9434,0.0
1531,9442,1.0
1532,9458,0.0
1533,9476,0.0
1534,9481,0.0
1535,9483,0.0
1536,9484,0.0
1537,9487,1.0
1538,9488,0.0
1539,9490,0.0
1540,9502,1.0
1541,9505,1.0
1542,9509,0.0
1543,9515,1.0
1544,9516,0.0
1545,9532,1.0
1546,9539,1.0
1547,9542,1.0
1548,9549,0.0
1549,9550,1.0
1550,9553,0.0
1551,9554,0.0
1552,9561,0.0
1553,9566,1.0
1554,9571,1.0
1555,9577,0.0
1556,9584,0.0
1557,9592,1.0
1558,9596,1.0
1559,9602,0.0
1560,9603,1.0
1561,9604,1.0
1562,9608,1.0
1563,9609,1.0
1564,9613,1.0
1565,9623,0.0
1566,9630,1.0
1567,9633,1.0
1568,9648,0.0
1569,9665,1.0
1570,9668,0.0
1571,9678,1.0
1572,9679,0.0
1573,9693,1.0
1574,9718,1.0
1575,9720,1.0
1576,9744,0.0
1577,9745,1.0
1578,9746,0.0
1579,9753,0.0
1580,9758,1.0
1581,9759,0.0
1582,9763,1.0
1583,9766,0.0
1584,9767,0.0
1585,9777,1.0
1586,9781,0.0
1587,9789,1.0
1588,9790,1.0
1589,9799,0.0
1590,9802,0.0
1591,9805,0.0
1592,9807,0.0
1593,9812,0.0
1594,9818,1.0
1595,9820,1.0
1596,9822,0.0
1597,9824,0.0
1598,9834,0.0
1599,9836,0.0
1600,9847,1.0
1601,9864,1.0
1602,9869,0.0
1603,9875,1.0
1604,9880,0.0
1605,9889,1.0
1606,9894,1.0
1607,9909,1.0
1608,9915,0.0
1609,9919,0.0
1610,9920,0.0
1611,9940,1.0
1612,9946,1.0
1613,9958,1.0
1614,9959,0.0
1615,9973,1.0
1616,9976,0.0
1617,9978,1.0
1618,9982,1.0
1619,9987,1.0
1620,9988,0.0
1621,9992,0.0
1622,10000,0.0
1623,10002,0.0
1624,10005,1.0
1625,10008,1.0
1626,10009,1.0
1627,10011,0.0
1628,10021,0.0
1629,10022,1.0
1630,10053,0.0
1631,10074,1.0
1632,10076,0.0
1633,10090,0.0
1634,10092,0.0
1635,10099,0.0
1636,10102,1.0
1637,10103,1.0
1638,10106,1.0
1639,10108,0.0
1640,10113,0.0
1641,10119,0.0
1642,10122,0.0
1643,10125,1.0
1644,10140,0.0
1645,10155,1.0
1646,10159,1.0
1647,10164,0.0
1648,10175,0.0
1649,10176,1.0
1650,10178,0.0
1651,10186,0.0
1652,10200,1.0
1653,10204,0.0
1654,10206,0.0
1655,10211,0.0
1656,10212,0.0
1657,10217,1.0
1658,10220,1.0
1659,10230,1.0
1660,10234,1.0
1661,10235,0.0
1662,10239,0.0
1663,10240,0.0
1664,10242,1.0
1665,10245,0.0
1666,10246,1.0
1667,10247,0.0
1668,10250,0.0
1669,10254,1.0
1670,10257,0.0
1671,10260,0.0
1672,10261,1.0
1673,10265,1.0
1674,10273,0.0
1675,10274,0.0
1676,10277,0.0
1677,10289,0.0
1678,10290,0.0
1679,10298,0.0
1680,10301,1.0
1681,10304,0.0
1682,10305,0.0
1683,10313,1.0
1684,10320,0.0
1685,10323,1.0
1686,10328,1.0
1687,10332,1.0
1688,10336,1.0
1689,10343,1.0
1690,10348,1.0
1691,10350,1.0
1692,10351,0.0
1693,10354,0.0
1694,10372,0.0
1695,10373,1.0
1696,10380,1.0
1697,10383,0.0
1698,10396,0.0
1699,10397,1.0
1700,10399,0.0
1701,10400,1.0
1702,10401,0.0
1703,10402,0.0
1704,10403,1.0
1705,10410,1.0
1706,10412,0.0
1707,10415,0.0
1708,10424,0.0
1709,10428,0.0
1710,10432,0.0
1711,10462,0.0
1712,10477,1.0
1713,10482,0.0
1714,10484,1.0
1715,10493,0.0
1716,10495,0.0
1717,10497,0.0
1718,10516,0.0
1719,10521,0.0
1720,10522,1.0
1721,10523,0.0
1722,10528,1.0
1723,10530,1.0
1724,10532,1.0
1725,10533,0.0
1726,10543,1.0
1727,10547,1.0
1728,10552,0.0
1729,10558,0.0
1730,10571,0.0
1731,10572,0.0
1732,10574,0.0
1733,10583,1.0
1734,10600,0.0
1735,10607,1.0
1736,10608,1.0
1737,10614,1.0
1738,10630,0.0
1739,10634,1.0
1740,10635,0.0
1741,10641,1.0
1742,10643,1.0
1743,10644,1.0
1744,10648,1.0
1745,10669,1.0
1746,10675,1.0
1747,10686,1.0
1748,10704,0.0
1749,10707,0.0
1750,10722,0.0
1751,10736,1.0
1752,10764,0.0
1753,10767,1.0
1754,10776,1.0
1755,10779,0.0
1756,10781,1.0
1757,10792,0.0
1758,10797,1.0
1759,10798,0.0
1760,10801,0.0
1761,10802,0.0
1762,10805,0.0
1763,10808,0.0
1764,10810,0.0
1765,10816,1.0
1766,10817,1.0
1767,10829,1.0
1768,10843,1.0
1769,10858,0.0
1770,10866,0.0
1771,10876,1.0
1772,10887,0.0
1773,10891,0.0
1774,10896,1.0
1775,10900,0.0
1776,10905,0.0
1777,10907,0.0
1778,10917,0.0
1779,10936,0.0
1780,10947,0.0
1781,10948,0.0
1782,10951,0.0
1783,10955,0.0
1784,10969,0.0
1785,10984,1.0
1786,10987,1.0
1787,10990,0.0
1788,10992,0.0
1789,10996,0.0
1790,10997,1.0
1791,10999,1.0
1792,11000,0.0
1793,11001,0.0
1794,11010,0.0
1795,11016,1.0
1796,11018,1.0
1797,11034,1.0
1798,11039,1.0
1799,11041,1.0
1800,11047,1.0
1801,11053,1.0
1802,11055,1.0
1803,11056,0.0
1804,11065,1.0
1805,11068,1.0
1806,11070,0.0
1807,11071,1.0
1808,11072,0.0
1809,11079,1.0
1810,11091,1.0
1811,11094,0.0
1812,11112,1.0
1813,11113,0.0
1814,11128,0.0
1815,11153,1.0
1816,11154,1.0
1817,11163,0.0
1818,11179,0.0
1819,11181,1.0
1820,11206,0.0
1821,11216,0.0
1822,11221,1.0
1823,11223,0.0
1824,11228,1.0
1825,11235,1.0
1826,11237,0.0
1827,11244,0.0
1828,11256,0.0
1829,11267,0.0
1830,11272,0.0
1831,11281,0.0
1832,11285,0.0
1833,11288,0.0
1834,11291,0.0
1835,11293,1.0
1836,11297,0.0
1837,11298,1.0
1838,11299,0.0
1839,11301,0.0
1840,11309,0.0
1841,11331,0.0
1842,11332,1.0
1843,11337,1.0
1844,11343,1.0
1845,11347,1.0
1846,11348,1.0
1847,11355,1.0
1848,11368,1.0
1849,11369,1.0
1850,11371,1.0
1851,11378,1.0
1852,11384,0.0
1853,11387,1.0
1854,11393,0.0
1855,11399,1.0
1856,11412,0.0
1857,11431,0.0
1858,11432,0.0
1859,11444,1.0
1860,11450,1.0
1861,11451,1.0
1862,11476,0.0
1863,11488,0.0
1864,11495,1.0
1865,11505,1.0
1866,11508,1.0
1867,11518,1.0
1868,11522,0.0
1869,11524,0.0
1870,11533,1.0
1871,11549,0.0
1872,11551,1.0
1873,11560,1.0
1874,11563,1.0
1875,11565,1.0
1876,11567,1.0
1877,11569,0.0
1878,11598,0.0
1879,11604,1.0
1880,11611,0.0
1881,11617,0.0
1882,11626,0.0
1883,11642,1.0
1884,11643,0.0
1885,11648,1.0
1886,11651,0.0
1887,11663,1.0
1888,11666,0.0
1889,11685,1.0
1890,11686,1.0
1891,11698,0.0
1892,11708,0.0
1893,11711,1.0
1894,11718,0.0
1895,11742,1.0
1896,11761,1.0
1897,11767,0.0
1898,11768,1.0
1899,11775,1.0
1900,11779,0.0
1901,11786,1.0
1902,11790,1.0
1903,11791,1.0
1904,11796,0.0
1905,11806,1.0
1906,11810,1.0
1907,11811,0.0
1908,11814,1.0
1909,11816,0.0
1910,11820,0.0
1911,11822,0.0
1912,11829,0.0
1913,11832,0.0
1914,11834,1.0
1915,11836,1.0
1916,11837,1.0
1917,11844,1.0
1918,11847,1.0
1919,11864,1.0
1920,11865,1.0
1921,11872,1.0
1922,11873,0.0
1923,11886,0.0
1924,11894,0.0
1925,11905,1.0
1926,11906,1.0
1927,11907,0.0
1928,11912,1.0
1929,11914,0.0
1930,11918,0.0
1931,11924,1.0
1932,11929,1.0
1933,11930,1.0
1934,11936,1.0
1935,11937,1.0
1936,11954,1.0
1937,11957,0.0
1938,11964,0.0
1939,11968,0.0
1940,11972,0.0
1941,11976,0.0
1942,11979,1.0
1943,11981,0.0
1944,11983,0.0
1945,11989,0.0
1946,11991,0.0
1947,11998,0.0
1948,12003,1.0
1949,12007,1.0
1950,12011,0.0
1951,12014,0.0
1952,12024,0.0
1953,12033,1.0
1954,12034,0.0
1955,12041,0.0
1956,12046,0.0
1957,12056,1.0
1958,12064,0.0
1959,12069,1.0
1960,12070,0.0
1961,12071,0.0
1962,12072,0.0
1963,12078,0.0
1964,12091,1.0
1965,12092,1.0
1966,12094,0.0
1967,12098,0.0
1968,12103,0.0
1969,12115,1.0
1970,12118,0.0
1971,12122,1.0
1972,12125,1.0
1973,12133,1.0
1974,12137,0.0
1975,12141,0.0
1976,12143,0.0
1977,12144,1.0
1978,12154,1.0
1979,12163,1.0
1980,12170,1.0
1981,12193,1.0
1982,12196,1.0
1983,12206,0.0
1984,12209,1.0
1985,12214,0.0
1986,12228,1.0
1987,12233,1.0
1988,12238,0.0
1989,12242,1.0
1990,12245,1.0
1991,12247,0.0
1992,12251,1.0
1993,12287,0.0
1994,12292,0.0
1995,12304,1.0
1996,12317,1.0
1997,12320,1.0
1998,12323,1.0
1999,12328,1.0
2000,12333,1.0
2001,12334,0.0
2002,12335,0.0
2003,12352,0.0
2004,12358,0.0
2005,12364,1.0
2006,12376,0.0
2007,12396,1.0
2008,12402,1.0
2009,12406,0.0
2010,12408,0.0
2011,12410,1.0
2012,12413,1.0
2013,12417,1.0
2014,12424,1.0
2015,12425,0.0
2016,12426,1.0
2017,12430,0.0
2018,12432,1.0
2019,12433,0.0
2020,12451,0.0
2021,12457,1.0
2022,12465,0.0
2023,12468,0.0
2024,12474,1.0
2025,12475,1.0
2026,12486,1.0
2027,12487,1.0
2028,12514,0.0
2029,12524,1.0
2030,12526,1.0
2031,12530,1.0
2032,12532,0.0
2033,12593,1.0
2034,12599,0.0
2035,12600,0.0
2036,12603,0.0
2037,12624,1.0
2038,12630,0.0
2039,12638,0.0
2040,12641,0.0
2041,12643,1.0
2042,12656,0.0
2043,12666,1.0
2044,12673,1.0
2045,12675,1.0
2046,12678,1.0
2047,12692,0.0
2048,12693,0.0
2049,12707,0.0
2050,12711,1.0
2051,12716,0.0
2052,12717,1.0
2053,12723,0.0
2054,12738,0.0
2055,12742,1.0
2056,12746,0.0
2057,12753,1.0
2058,12758,1.0
2059,12760,0.0
2060,12763,0.0
2061,12764,0.0
2062,12768,0.0
2063,12776,1.0
2064,12777,0.0
2065,12783,1.0
2066,12804,0.0
2067,12824,0.0
2068,12839,1.0
2069,12847,1.0
2070,12850,1.0
2071,12867,1.0
2072,12883,0.0
2073,12887,1.0
2074,12890,1.0
2075,12903,1.0
2076,12906,0.0
2077,12907,1.0
2078,12909,1.0
2079,12912,0.0
2080,12915,0.0
2081,12930,1.0
2082,12931,0.0
2083,12934,1.0
2084,12951,0.0
2085,12955,1.0
2086,12973,0.0
2087,12988,0.0
2088,12999,0.0
2089,13015,1.0
2090,13026,1.0
2091,13036,0.0
2092,13039,1.0
2093,13040,0.0
2094,13041,1.0
2095,13043,0.0
2096,13057,0.0
2097,13064,1.0
2098,13068,0.0
2099,13069,0.0
2100,13073,1.0
2101,13079,1.0
2102,13086,0.0
2103,13089,1.0
2104,13093,1.0
2105,13097,1.0
2106,13098,0.0
2107,13105,1.0
2108,13107,1.0
2109,13108,1.0
2110,13110,1.0
2111,13112,1.0
2112,13114,0.0
2113,13118,0.0
2114,13127,0.0
2115,13129,0.0
2116,13142,1.0
2117,13146,0.0
2118,13149,0.0
2119,13157,0.0
2120,13158,1.0
2121,13159,0.0
2122,13161,0.0
2123,13162,0.0
2124,13166,0.0
2125,13168,1.0
2126,13170,0.0
2127,13186,0.0
2128,13191,1.0
2129,13203,0.0
2130,13209,1.0
2131,13212,0.0
2132,13213,0.0
2133,13222,0.0
2134,13229,0.0
2135,13234,1.0
2136,13257,1.0
2137,13258,1.0
2138,13268,0.0
2139,13270,1.0
2140,13291,1.0
2141,13292,0.0
2142,13299,1.0
2143,13307,1.0
2144,13309,0.0
2145,13311,1.0
2146,13312,0.0
2147,13322,0.0
2148,13324,1.0
2149,13330,0.0
2150,13338,1.0
2151,13344,1.0
2152,13348,0.0
2153,13355,1.0
2154,13365,1.0
2155,13368,0.0
2156,13370,1.0
2157,13372,1.0
2158,13377,1.0
2159,13385,0.0
2160,13389,1.0
2161,13393,0.0
2162,13395,1.0
2163,13404,0.0
2164,13411,1.0
2165,13416,0.0
2166,13434,0.0
2167,13435,1.0
2168,13445,0.0
2169,13446,0.0
2170,13451,1.0
2171,13462,1.0
2172,13464,0.0
2173,13466,1.0
2174,13471,1.0
2175,13472,0.0
2176,13477,0.0
2177,13481,0.0
2178,13484,1.0
2179,13490,0.0
2180,13492,1.0
2181,13500,0.0
2182,13508,0.0
2183,13516,0.0
2184,13525,0.0
2185,13526,0.0
2186,13530,0.0
2187,13532,0.0
2188,13538,0.0
2189,13546,0.0
2190,13548,1.0
2191,13550,1.0
2192,13551,0.0
2193,13564,1.0
2194,13566,1.0
2195,13570,0.0
2196,13580,0.0
2197,13585,0.0
2198,13588,0.0
2199,13592,0.0
2200,13594,1.0
2201,13609,0.0
2202,13610,1.0
2203,13613,0.0
2204,13625,0.0
2205,13626,1.0
2206,13639,0.0
2207,13645,0.0
2208,13647,1.0
2209,13648,0.0
2210,13652,1.0
2211,13654,1.0
2212,13664,1.0
2213,13673,0.0
2214,13684,0.0
2215,13690,0.0
2216,13693,0.0
2217,13696,0.0
2218,13700,1.0
2219,13701,0.0
2220,13707,0.0
2221,13713,0.0
2222,13714,1.0
2223,13716,1.0
2224,13720,0.0
2225,13727,1.0
2226,13733,0.0
2227,13738,0.0
2228,13757,1.0
2229,13759,1.0
2230,13761,1.0
2231,13767,0.0
2232,13782,1.0
2233,13786,0.0
2234,13787,1.0
2235,13792,0.0
2236,13795,1.0
2237,13798,0.0
2238,13807,0.0
2239,13809,0.0
2240,13811,1.0
2241,13815,1.0
2242,13817,0.0
2243,13818,0.0
2244,13822,1.0
2245,13824,0.0
2246,13829,0.0
2247,13832,1.0
2248,13840,0.0
2249,13841,0.0
2250,13868,0.0
2251,13871,1.0
2252,13880,1.0
2253,13888,1.0
2254,13890,1.0
2255,13891,0.0
2256,13895,0.0
2257,13907,1.0
2258,13910,0.0
2259,13912,1.0
2260,13913,1.0
2261,13923,1.0
2262,13929,1.0
2263,13936,1.0
2264,13946,1.0
2265,13950,0.0
2266,13951,1.0
2267,13954,0.0
2268,13958,1.0
2269,13969,1.0
2270,13980,0.0
2271,13981,0.0
2272,13986,0.0
2273,13987,0.0
2274,13989,0.0
2275,13992,1.0
2276,13994,0.0
2277,14001,0.0
2278,14002,1.0
2279,14004,0.0
2280,14006,0.0
2281,14012,1.0
2282,14021,0.0
2283,14024,1.0
2284,14045,0.0
2285,14047,1.0
2286,14057,1.0
2287,14059,0.0
2288,14060,0.0
2289,14068,0.0
2290,14070,0.0
2291,14074,1.0
2292,14076,1.0
2293,14089,0.0
2294,14115,0.0
2295,14116,1.0
2296,14128,0.0
2297,14131,0.0
2298,14134,0.0
2299,14137,0.0
2300,14138,0.0
2301,14139,1.0
2302,14152,0.0
2303,14153,1.0
2304,14155,0.0
2305,14156,1.0
2306,14164,0.0
2307,14165,0.0
2308,14171,1.0
2309,14174,0.0
2310,14181,0.0
2311,14186,1.0
2312,14192,0.0
2313,14201,0.0
2314,14210,0.0
2315,14214,0.0
2316,14231,1.0
2317,14236,0.0
2318,14241,1.0
2319,14245,0.0
2320,14249,1.0
2321,14251,0.0
2322,14262,0.0
2323,14265,1.0
2324,14267,0.0
2325,14270,0.0
2326,14276,0.0
2327,14279,1.0
2328,14281,0.0
2329,14289,0.0
2330,14290,1.0
2331,14293,1.0
2332,14295,1.0
2333,14297,0.0
2334,14298,1.0
2335,14310,1.0
2336,14312,1.0
2337,14315,1.0
2338,14318,1.0
2339,14319,1.0
2340,14325,1.0
2341,14331,1.0
2342,14334,0.0
2343,14341,1.0
2344,14343,1.0
2345,14344,0.0
2346,14346,0.0
2347,14347,1.0
2348,14349,0.0
2349,14352,0.0
2350,14358,1.0
2351,14361,0.0
2352,14363,1.0
2353,14374,1.0
2354,14376,0.0
2355,14381,1.0
2356,14398,1.0
2357,14410,0.0
2358,14412,0.0
2359,14415,0.0
2360,14423,0.0
2361,14425,0.0
2362,14436,1.0
2363,14444,0.0
2364,14455,1.0
2365,14465,1.0
2366,14469,1.0
2367,14471,0.0
2368,14475,1.0
2369,14479,0.0
2370,14480,0.0
2371,14488,0.0
2372,14491,1.0
2373,14501,0.0
2374,14520,1.0
2375,14522,0.0
2376,14523,0.0
2377,14537,1.0
2378,14538,1.0
2379,14550,0.0
2380,14561,1.0
2381,14575,0.0
2382,14586,1.0
2383,14592,1.0
2384,14601,1.0
2385,14602,1.0
2386,14604,1.0
2387,14606,0.0
2388,14627,1.0
2389,14641,1.0
2390,14652,1.0
2391,14662,0.0
2392,14665,0.0
2393,14673,0.0
2394,14675,0.0
2395,14679,1.0
2396,14683,1.0
2397,14686,0.0
2398,14705,0.0
2399,14708,0.0
2400,14709,1.0
2401,14710,0.0
2402,14715,0.0
2403,14717,1.0
2404,14723,0.0
2405,14725,0.0
2406,14727,1.0
2407,14728,1.0
2408,14735,1.0
2409,14746,0.0
2410,14752,0.0
2411,14757,1.0
2412,14762,1.0
2413,14763,1.0
2414,14797,0.0
2415,14812,0.0
2416,14818,1.0
2417,14825,1.0
2418,14827,1.0
2419,14829,0.0
2420,14830,0.0
2421,14837,0.0
2422,14849,1.0
2423,14863,1.0
2424,14869,0.0
2425,14882,0.0
2426,14884,1.0
2427,14886,1.0
2428,14888,1.0
2429,14890,0.0
2430,14904,0.0
2431,14938,0.0
2432,14952,1.0
2433,14958,1.0
2434,14963,0.0
2435,14979,0.0
2436,14980,0.0
2437,14986,1.0
2438,14988,1.0
2439,15003,0.0
2440,15006,1.0
2441,15009,1.0
2442,15015,0.0
2443,15024,0.0
2444,15030,1.0
2445,15036,0.0
2446,15038,1.0
2447,15039,0.0
2448,15047,1.0
2449,15049,0.0
2450,15056,1.0
2451,15068,0.0
2452,15070,0.0
2453,15073,0.0
2454,15081,1.0
2455,15084,0.0
2456,15088,1.0
2457,15092,0.0
2458,15095,1.0
2459,15097,1.0
2460,15098,1.0
2461,15115,1.0
2462,15120,1.0
2463,15126,0.0
2464,15133,1.0
2465,15143,0.0
2466,15156,1.0
2467,15164,1.0
2468,15178,0.0
2469,15198,1.0
2470,15200,1.0
2471,15208,0.0
2472,15214,0.0
2473,15218,1.0
2474,15231,0.0
2475,15238,1.0
2476,15239,1.0
2477,15240,0.0
2478,15249,0.0
2479,15256,0.0
2480,15260,1.0
2481,15290,0.0
2482,15307,1.0
2483,15308,1.0
2484,15321,1.0
2485,15323,0.0
2486,15325,0.0
2487,15342,0.0
2488,15346,1.0
2489,15349,0.0
2490,15354,0.0
2491,15362,1.0
2492,15379,0.0
2493,15383,0.0
2494,15394,1.0
2495,15401,0.0
2496,15405,1.0
2497,15407,1.0
2498,15412,1.0
2499,15413,1.0
2500,15415,0.0
2501,15427,0.0
2502,15430,1.0
2503,15436,0.0
2504,15439,0.0
2505,15443,0.0
2506,15444,1.0
2507,15445,1.0
2508,15450,0.0
2509,15456,0.0
2510,15465,0.0
2511,15466,1.0
2512,15470,0.0
2513,15474,1.0
2514,15476,1.0
2515,15482,0.0
2516,15492,0.0
2517,15510,1.0
2518,15519,1.0
2519,15523,0.0
2520,15535,1.0
2521,15561,1.0
2522,15564,1.0
2523,15566,0.0
2524,15579,0.0
2525,15580,0.0
2526,15581,1.0
2527,15587,1.0
2528,15589,0.0
2529,15591,0.0
2530,15597,1.0
2531,15620,0.0
2532,15627,0.0
2533,15636,1.0
2534,15653,1.0
2535,15662,1.0
2536,15664,0.0
2537,15666,1.0
2538,15667,0.0
2539,15674,1.0
2540,15692,0.0
2541,15715,0.0
2542,15736,1.0
2543,15744,1.0
2544,15746,0.0
2545,15758,0.0
2546,15760,1.0
2547,15766,1.0
2548,15767,0.0
2549,15789,1.0
2550,15810,0.0
2551,15818,1.0
2552,15820,0.0
2553,15830,0.0
2554,15844,0.0
2555,15850,0.0
2556,15857,0.0
2557,15863,1.0
2558,15869,0.0
2559,15872,1.0
2560,15873,0.0
2561,15884,0.0
2562,15885,0.0
2563,15891,1.0
2564,15898,1.0
2565,15900,0.0
2566,15932,0.0
2567,15940,0.0
2568,15944,0.0
2569,15945,0.0
2570,15963,1.0
2571,15970,0.0
2572,15977,0.0
2573,15982,0.0
2574,15985,0.0
2575,15995,0.0
2576,16004,0.0
2577,16005,0.0
2578,16011,1.0
2579,16019,0.0
2580,16021,0.0
2581,16051,0.0
2582,16065,1.0
2583,16066,1.0
2584,16076,0.0
2585,16091,1.0
2586,16094,1.0
2587,16101,1.0
2588,16104,0.0
2589,16113,1.0
2590,16114,1.0
2591,16115,1.0
2592,16127,0.0
2593,16128,0.0
2594,16138,1.0
2595,16139,1.0
2596,16142,0.0
2597,16144,0.0
2598,16148,1.0
2599,16151,1.0
2600,16156,1.0
2601,16165,1.0
2602,16166,1.0
2603,16179,0.0
2604,16193,1.0
2605,16196,0.0
2606,16198,1.0
2607,16210,0.0
2608,16232,0.0
2609,16237,1.0
2610,16240,1.0
2611,16252,1.0
2612,16259,1.0
2613,16262,0.0
2614,16263,1.0
2615,16270,0.0
2616,16272,1.0
2617,16290,1.0
2618,16295,1.0
2619,16297,0.0
2620,16299,0.0
2621,16300,0.0
2622,16302,0.0
2623,16303,0.0
2624,16305,1.0
2625,16309,0.0
2626,16312,1.0
2627,16320,0.0
2628,16326,1.0
2629,16327,0.0
2630,16338,1.0
2631,16342,0.0
2632,16346,0.0
2633,16348,0.0
2634,16355,1.0
2635,16356,1.0
2636,16378,1.0
2637,16382,0.0
2638,16391,1.0
2639,16392,1.0
2640,16395,1.0
2641,16399,1.0
2642,16403,1.0
2643,16408,0.0
2644,16413,0.0
2645,16415,0.0
2646,16417,0.0
2647,16420,0.0
2648,16431,0.0
2649,16439,1.0
2650,16444,1.0
2651,16446,0.0
2652,16451,0.0
2653,16454,0.0
2654,16461,0.0
2655,16462,0.0
2656,16469,0.0
2657,16484,1.0
2658,16486,1.0
2659,16487,0.0
2660,16491,0.0
2661,16494,1.0
2662,16507,1.0
2663,16508,1.0
2664,16519,0.0
2665,16523,1.0
2666,16526,1.0
2667,16530,1.0
2668,16532,1.0
2669,16542,0.0
2670,16550,0.0
2671,16555,0.0
2672,16558,0.0
2673,16567,1.0
2674,16576,0.0
2675,16579,0.0
2676,16595,1.0
2677,16598,0.0
2678,16600,1.0
2679,16604,1.0
2680,16605,1.0
2681,16607,1.0
2682,16610,1.0
2683,16612,1.0
2684,16617,0.0
2685,16625,0.0
2686,16632,1.0
2687,16634,0.0
2688,16650,0.0
2689,16654,1.0
2690,16655,1.0
2691,16656,1.0
2692,16657,1.0
2693,16660,0.0
2694,16662,1.0
2695,16669,1.0
2696,16675,0.0
2697,16676,0.0
2698,16678,1.0
2699,16679,0.0
2700,16693,0.0
2701,16701,0.0
2702,16715,0.0
2703,16722,1.0
2704,16724,1.0
2705,16727,0.0
2706,16735,1.0
2707,16741,0.0
2708,16752,0.0
2709,16758,0.0
2710,16765,0.0
2711,16771,1.0
2712,16785,1.0
2713,16793,0.0
2714,16800,0.0
2715,16805,1.0
2716,16809,0.0
2717,16820,0.0
2718,16827,0.0
2719,16830,1.0
2720,16843,1.0
2721,16847,0.0
2722,16855,0.0
2723,16860,1.0
2724,16862,1.0
2725,16863,1.0
2726,16872,1.0
2727,16874,1.0
2728,16876,0.0
2729,16893,0.0
2730,16895,1.0
2731,16914,0.0
2732,16917,0.0
2733,16926,1.0
2734,16930,1.0
2735,16931,0.0
2736,16932,0.0
2737,16934,0.0
2738,16937,1.0
2739,16941,1.0
2740,16942,1.0
2741,16957,1.0
2742,16962,1.0
2743,16967,1.0
2744,16968,0.0
2745,16972,0.0
2746,16974,0.0
2747,16984,0.0
2748,16987,1.0
2749,16994,1.0
2750,16995,1.0
2751,16999,1.0
2752,17034,1.0
2753,17038,1.0
2754,17040,0.0
2755,17050,1.0
2756,17068,0.0
2757,17077,0.0
2758,17079,1.0
2759,17082,1.0
2760,17085,1.0
2761,17087,1.0
2762,17099,1.0
2763,17105,1.0
2764,17108,0.0
2765,17110,1.0
2766,17111,0.0
2767,17123,1.0
2768,17124,0.0
2769,17130,0.0
2770,17138,0.0
2771,17143,0.0
2772,17157,0.0
2773,17160,0.0
2774,17166,1.0
2775,17167,1.0
2776,17179,1.0
2777,17180,0.0
2778,17189,1.0
2779,17197,1.0
2780,17219,1.0
2781,17223,0.0
2782,17225,1.0
2783,17229,1.0
2784,17234,0.0
2785,17235,0.0
2786,17239,1.0
2787,17242,0.0
2788,17243,0.0
2789,17246,1.0
2790,17247,0.0
2791,17255,1.0
2792,17258,1.0
2793,17260,1.0
2794,17264,0.0
2795,17270,1.0
2796,17271,0.0
2797,17272,0.0
2798,17285,0.0
2799,17294,1.0
2800,17297,1.0
2801,17298,1.0
2802,17299,0.0
2803,17306,1.0
2804,17324,0.0
2805,17326,0.0
2806,17330,0.0
2807,17345,0.0
2808,17351,1.0
2809,17352,0.0
2810,17372,0.0
2811,17381,1.0
2812,17385,1.0
2813,17388,1.0
2814,17390,1.0
2815,17392,0.0
2816,17399,0.0
2817,17404,1.0
2818,17407,0.0
2819,17408,0.0
2820,17416,1.0
2821,17418,0.0
2822,17434,1.0
2823,17438,0.0
2824,17443,1.0
2825,17444,0.0
2826,17453,1.0
2827,17460,1.0
2828,17467,0.0
2829,17480,0.0
2830,17488,0.0
2831,17490,0.0
2832,17493,1.0
2833,17498,0.0
2834,17503,0.0
2835,17513,1.0
2836,17520,0.0
2837,17525,0.0
2838,17534,0.0
2839,17545,0.0
2840,17553,0.0
2841,17554,0.0
2842,17557,0.0
2843,17563,1.0
2844,17576,0.0
2845,17577,0.0
2846,17580,0.0
2847,17582,0.0
2848,17596,0.0
2849,17597,1.0
2850,17602,1.0
2851,17614,0.0
2852,17623,1.0
2853,17624,1.0
2854,17627,0.0
2855,17628,1.0
2856,17630,0.0
2857,17634,1.0
2858,17640,1.0
2859,17652,0.0
2860,17657,1.0
2861,17661,0.0
2862,17662,0.0
2863,17666,0.0
2864,17682,0.0
2865,17688,1.0
2866,17693,1.0
2867,17705,0.0
2868,17711,0.0
2869,17715,0.0
2870,17717,0.0
2871,17721,0.0
2872,17728,1.0
2873,17737,1.0
2874,17745,0.0
2875,17755,0.0
2876,17764,1.0
2877,17774,0.0
2878,17785,0.0
2879,17786,1.0
2880,17789,0.0
2881,17802,1.0
2882,17810,1.0
2883,17819,1.0
2884,17825,0.0
2885,17828,0.0
2886,17833,0.0
2887,17841,1.0
2888,17842,1.0
2889,17844,0.0
2890,17849,0.0
2891,17855,0.0
2892,17857,1.0
2893,17861,1.0
2894,17863,1.0
2895,17868,1.0
2896,17876,1.0
2897,17882,0.0
2898,17885,0.0
2899,17893,1.0
2900,17894,0.0
2901,17902,1.0
2902,17906,0.0
2903,17911,0.0
2904,17917,0.0
2905,17921,0.0
2906,17941,1.0
2907,17945,1.0
2908,17949,0.0
2909,17954,0.0
2910,17957,0.0
2911,17958,1.0
2912,17960,0.0
2913,17985,1.0
2914,18000,0.0
2915,18002,0.0
2916,18008,0.0
2917,18014,1.0
2918,18015,1.0
2919,18019,0.0
2920,18021,0.0
2921,18026,0.0
2922,18029,1.0
2923,18034,1.0
2924,18035,1.0
2925,18036,1.0
2926,18039,1.0
2927,18066,1.0
2928,18076,1.0
2929,18089,0.0
2930,18104,0.0
2931,18110,1.0
2932,18129,0.0
2933,18131,1.0
2934,18133,0.0
2935,18136,0.0
2936,18148,1.0
2937,18152,0.0
2938,18167,1.0
2939,18177,1.0
2940,18178,1.0
2941,18183,0.0
2942,18194,1.0
2943,18197,0.0
2944,18213,1.0
2945,18214,0.0
2946,18221,0.0
2947,18227,0.0
2948,18239,1.0
2949,18245,1.0
2950,18266,0.0
2951,18267,0.0
2952,18274,0.0
2953,18283,1.0
2954,18297,0.0
2955,18302,0.0
2956,18303,1.0
2957,18315,0.0
2958,18324,1.0
2959,18326,1.0
2960,18334,0.0
2961,18336,1.0
2962,18344,0.0
2963,18346,0.0
2964,18347,0.0
2965,18350,0.0
2966,18352,0.0
2967,18364,0.0
2968,18366,1.0
2969,18373,0.0
2970,18391,1.0
2971,18393,0.0
2972,18395,0.0
2973,18400,1.0
2974,18408,1.0
2975,18421,1.0
2976,18425,0.0
2977,18443,0.0
2978,18451,0.0
2979,18456,0.0
2980,18458,0.0
2981,18460,1.0
2982,18467,0.0
2983,18468,1.0
2984,18475,0.0
2985,18485,0.0
2986,18494,1.0
2987,18495,1.0
2988,18508,1.0
2989,18530,0.0
2990,18533,1.0
2991,18547,0.0
2992,18548,0.0
2993,18553,1.0
2994,18561,0.0
2995,18565,1.0
2996,18572,1.0
2997,18593,0.0
2998,18600,0.0
2999,18621,0.0
3000,18629,1.0
3001,18637,0.0
3002,18649,1.0
3003,18653,1.0
3004,18660,1.0
3005,18671,1.0
3006,18672,0.0
3007,18677,0.0
3008,18681,1.0
3009,18684,1.0
3010,18686,1.0
3011,18689,0.0
3012,18690,1.0
3013,18709,1.0
3014,18716,1.0
3015,18723,0.0
3016,18773,1.0
3017,18782,1.0
3018,18797,0.0
3019,18810,1.0
3020,18817,1.0
3021,18820,1.0
3022,18825,1.0
3023,18837,1.0
3024,18850,0.0
3025,18857,1.0
3026,18861,1.0
3027,18867,0.0
3028,18870,0.0
3029,18877,0.0
3030,18887,1.0
3031,18898,1.0
3032,18900,0.0
3033,18914,0.0
3034,18921,1.0
3035,18922,0.0
3036,18945,0.0
3037,18947,1.0
3038,18953,0.0
3039,18954,0.0
3040,18957,0.0
3041,18960,0.0
3042,18973,1.0
3043,18983,1.0
3044,18990,0.0
3045,18991,0.0
3046,18993,0.0
3047,18995,0.0
3048,18996,1.0
3049,19003,1.0
3050,19014,0.0
3051,19015,0.0
3052,19019,1.0
3053,19028,1.0
3054,19038,0.0
3055,19040,1.0
3056,19046,0.0
3057,19051,0.0
3058,19054,1.0
3059,19056,0.0
3060,19074,0.0
3061,19085,1.0
3062,19099,1.0
3063,19124,1.0
3064,19134,0.0
3065,19141,0.0
3066,19146,1.0
3067,19150,0.0
3068,19170,0.0
3069,19176,1.0
3070,19187,1.0
3071,19189,0.0
3072,19202,0.0
3073,19208,1.0
3074,19209,1.0
3075,19210,1.0
3076,19216,1.0
3077,19217,0.0
3078,19218,0.0
3079,19223,0.0
3080,19240,0.0
3081,19246,0.0
3082,19269,0.0
3083,19275,1.0
3084,19287,1.0
3085,19298,1.0
3086,19303,0.0
3087,19313,1.0
3088,19325,0.0
3089,19326,0.0
3090,19328,1.0
3091,19330,0.0
3092,19340,0.0
3093,19342,1.0
3094,19343,0.0
3095,19344,1.0
3096,19363,1.0
3097,19364,0.0
3098,19371,0.0
3099,19376,0.0
3100,19377,0.0
3101,19381,1.0
3102,19384,0.0
3103,19390,0.0
3104,19402,0.0
3105,19405,0.0
3106,19409,1.0
3107,19418,1.0
3108,19429,1.0
3109,19446,0.0
3110,19458,1.0
3111,19460,0.0
3112,19462,1.0
3113,19465,0.0
3114,19472,0.0
3115,19480,0.0
3116,19503,0.0
3117,19507,0.0
3118,19517,1.0
3119,19533,0.0
3120,19537,0.0
3121,19541,1.0
3122,19563,0.0
3123,19566,0.0
3124,19568,1.0
3125,19576,0.0
3126,19591,1.0
3127,19597,0.0
3128,19619,1.0
3129,19622,1.0
3130,19623,1.0
3131,19624,1.0
3132,19627,1.0
3133,19629,0.0
3134,19633,1.0
3135,19639,0.0
3136,19641,0.0
3137,19643,0.0
3138,19649,1.0
3139,19652,1.0
3140,19657,1.0
3141,19660,0.0
3142,19668,1.0
3143,19678,1.0
3144,19686,1.0
3145,19690,0.0
3146,19694,1.0
3147,19695,0.0
3148,19702,1.0
3149,19712,0.0
3150,19720,1.0
3151,19735,1.0
3152,19739,0.0
3153,19740,0.0
3154,19743,0.0
3155,19750,0.0
3156,19752,1.0
3157,19754,0.0
3158,19762,1.0
3159,19770,1.0
3160,19775,1.0
3161,19777,1.0
3162,19782,0.0
3163,19783,1.0
3164,19786,0.0
3165,19805,0.0
3166,19808,1.0
3167,19819,1.0
3168,19821,1.0
3169,19827,0.0
3170,19830,0.0
3171,19832,0.0
3172,19833,0.0
3173,19834,0.0
3174,19843,1.0
3175,19844,0.0
3176,19846,1.0
3177,19847,0.0
3178,19850,1.0
3179,19851,0.0
3180,19861,1.0
3181,19873,1.0
3182,19878,0.0
3183,19886,0.0
3184,19892,1.0
3185,19901,1.0
3186,19902,1.0
3187,19920,1.0
3188,19921,1.0
3189,19922,1.0
3190,19929,1.0
3191,19932,1.0
3192,19935,1.0
3193,19936,1.0
3194,19946,0.0
3195,19950,1.0
3196,19952,1.0
3197,19955,0.0
3198,19976,0.0
3199,19983,0.0
3200,19987,0.0
3201,19991,0.0
3202,19996,1.0
3203,20007,1.0
3204,20015,0.0
3205,20019,0.0
3206,20023,1.0
3207,20034,1.0
3208,20036,1.0
3209,20038,1.0
3210,20039,1.0
3211,20040,0.0
3212,20045,0.0
3213,20046,1.0
3214,20048,1.0
3215,20060,0.0
3216,20068,0.0
3217,20074,0.0
3218,20111,1.0
3219,20117,0.0
3220,20125,1.0
3221,20129,1.0
3222,20134,1.0
3223,20135,0.0
3224,20139,0.0
3225,20142,0.0
3226,20147,1.0
3227,20154,1.0
3228,20157,0.0
3229,20169,0.0
3230,20179,0.0
3231,20202,0.0
3232,20207,1.0
3233,20215,0.0
3234,20216,0.0
3235,20217,1.0
3236,20218,1.0
3237,20219,1.0
3238,20226,0.0
3239,20236,0.0
3240,20239,0.0
3241,20246,1.0
3242,20247,1.0
3243,20253,0.0
3244,20255,0.0
3245,20268,1.0
3246,20270,1.0
3247,20271,0.0
3248,20279,1.0
3249,20282,1.0
3250,20295,0.0
3251,20302,0.0
3252,20305,1.0
3253,20306,1.0
3254,20308,1.0
3255,20330,1.0
3256,20335,1.0
3257,20344,1.0
3258,20349,1.0
3259,20360,0.0
3260,20362,0.0
3261,20378,0.0
3262,20394,0.0
3263,20397,1.0
3264,20403,0.0
3265,20405,0.0
3266,20415,0.0
3267,20417,1.0
3268,20420,0.0
3269,20425,0.0
3270,20430,0.0
3271,20435,1.0
3272,20443,0.0
3273,20446,0.0
3274,20458,0.0
3275,20459,0.0
3276,20467,0.0
3277,20470,1.0
3278,20482,0.0
3279,20489,0.0
3280,20495,0.0
3281,20496,1.0
3282,20497,1.0
3283,20505,0.0
3284,20509,0.0
3285,20535,0.0
3286,20539,1.0
3287,20544,1.0
3288,20547,0.0
3289,20556,0.0
3290,20557,0.0
3291,20575,0.0
3292,20577,1.0
3293,20596,0.0
3294,20597,0.0
3295,20602,0.0
3296,20603,0.0
3297,20609,1.0
3298,20618,0.0
3299,20621,0.0
3300,20628,1.0
3301,20634,1.0
3302,20637,0.0
3303,20641,0.0
3304,20642,0.0
3305,20647,1.0
3306,20655,0.0
3307,20656,0.0
3308,20661,0.0
3309,20664,1.0
3310,20674,1.0
3311,20679,0.0
3312,20680,0.0
3313,20683,1.0
3314,20687,0.0
3315,20688,1.0
3316,20695,0.0
3317,20696,0.0
3318,20699,1.0
3319,20701,0.0
3320,20702,0.0
3321,20704,0.0
3322,20721,0.0
3323,20725,1.0
3324,20731,0.0
3325,20741,0.0
3326,20742,1.0
3327,20753,0.0
3328,20756,0.0
3329,20769,1.0
3330,20771,1.0
3331,20774,0.0
3332,20777,1.0
3333,20781,0.0
3334,20797,0.0
3335,20808,1.0
3336,20810,1.0
3337,20820,0.0
3338,20823,1.0
3339,20829,0.0
3340,20832,0.0
3341,20833,0.0
3342,20837,0.0
3343,20838,0.0
3344,20839,0.0
3345,20847,0.0
3346,20861,0.0
3347,20869,1.0
3348,20875,0.0
3349,20877,1.0
3350,20889,0.0
3351,20894,1.0
3352,20901,1.0
3353,20919,0.0
3354,20923,1.0
3355,20935,0.0
3356,20937,0.0
3357,20939,1.0
3358,20940,0.0
3359,20943,0.0
3360,20946,1.0
3361,20950,0.0
3362,20961,1.0
3363,20965,0.0
3364,20967,1.0
3365,20969,1.0
3366,20970,1.0
3367,20975,1.0
3368,20987,0.0
3369,20995,1.0
3370,20998,1.0
3371,21002,0.0
3372,21012,1.0
3373,21013,1.0
3374,21015,1.0
3375,21017,0.0
3376,21020,1.0
3377,21028,0.0
3378,21031,0.0
3379,21036,0.0
3380,21040,0.0
3381,21048,0.0
3382,21049,0.0
3383,21051,1.0
3384,21070,0.0
3385,21072,1.0
3386,21079,0.0
3387,21090,0.0
3388,21093,0.0
3389,21104,0.0
3390,21114,1.0
3391,21117,1.0
3392,21120,0.0
3393,21121,0.0
3394,21132,1.0
3395,21136,1.0
3396,21139,1.0
3397,21140,1.0
3398,21146,1.0
3399,21150,0.0
3400,21178,0.0
3401,21180,1.0
3402,21198,0.0
3403,21203,1.0
3404,21210,1.0
3405,21218,0.0
3406,21220,0.0
3407,21222,0.0
3408,21228,0.0
3409,21236,0.0
3410,21239,0.0
3411,21260,0.0
3412,21267,0.0
3413,21271,0.0
3414,21279,0.0
3415,21286,0.0
3416,21288,1.0
3417,21294,0.0
3418,21298,0.0
3419,21299,0.0
3420,21300,1.0
3421,21304,0.0
3422,21307,1.0
3423,21309,0.0
3424,21311,0.0
3425,21331,0.0
3426,21332,1.0
3427,21342,0.0
3428,21345,0.0
3429,21348,1.0
3430,21353,1.0
3431,21357,0.0
3432,21369,0.0
3433,21370,1.0
3434,21371,0.0
3435,21373,1.0
3436,21385,1.0
3437,21392,1.0
3438,21401,0.0
3439,21403,0.0
3440,21406,1.0
3441,21413,0.0
3442,21414,0.0
3443,21416,1.0
3444,21423,0.0
3445,21442,0.0
3446,21443,1.0
3447,21448,0.0
3448,21459,1.0
3449,21467,0.0
3450,21474,0.0
3451,21484,1.0
3452,21488,1.0
3453,21495,0.0
3454,21498,0.0
3455,21502,0.0
3456,21503,1.0
3457,21510,1.0
3458,21516,1.0
3459,21533,0.0
3460,21535,0.0
3461,21539,0.0
3462,21541,0.0
3463,21544,1.0
3464,21554,1.0
3465,21569,0.0
3466,21572,0.0
3467,21578,0.0
3468,21580,0.0
3469,21584,0.0
3470,21589,0.0
3471,21595,0.0
3472,21598,0.0
3473,21599,0.0
3474,21606,0.0
3475,21623,0.0
3476,21639,0.0
3477,21641,0.0
3478,21645,0.0
3479,21647,0.0
3480,21648,0.0
3481,21657,1.0
3482,21671,0.0
3483,21673,0.0
3484,21678,0.0
3485,21696,0.0
3486,21699,0.0
3487,21700,0.0
3488,21703,0.0
3489,21710,0.0
3490,21721,0.0
3491,21727,1.0
3492,21728,1.0
3493,21731,1.0
3494,21741,1.0
3495,21744,1.0
3496,21748,0.0
3497,21753,0.0
3498,21756,0.0
3499,21763,0.0
3500,21767,0.0
3501,21772,1.0
3502,21774,1.0
3503,21775,1.0
3504,21780,1.0
3505,21787,1.0
3506,21805,0.0
3507,21828,0.0
3508,21831,0.0
3509,21837,0.0
3510,21842,0.0
3511,21849,0.0
3512,21856,1.0
3513,21858,0.0
3514,21862,0.0
3515,21864,0.0
3516,21867,0.0
3517,21879,0.0
3518,21881,0.0
3519,21883,0.0
3520,21891,0.0
3521,21892,0.0
3522,21902,0.0
3523,21909,0.0
3524,21914,1.0
3525,21918,0.0
3526,21919,1.0
3527,21926,0.0
3528,21930,0.0
3529,21934,1.0
3530,21940,0.0
3531,21945,0.0
3532,21948,1.0
3533,21953,0.0
3534,21954,0.0
3535,21956,1.0
3536,21963,0.0
3537,21970,1.0
3538,21984,1.0
3539,21997,0.0
3540,21999,0.0
3541,22001,0.0
3542,22002,0.0
3543,22010,1.0
3544,22013,0.0
3545,22022,1.0
3546,22024,1.0
3547,22028,0.0
3548,22029,0.0
3549,22045,1.0
3550,22049,1.0
3551,22064,1.0
3552,22069,0.0
3553,22074,0.0
3554,22082,0.0
3555,22084,0.0
3556,22090,1.0
3557,22096,0.0
3558,22100,0.0
3559,22105,0.0
3560,22119,1.0
3561,22130,0.0
3562,22152,1.0
3563,22155,0.0
3564,22164,0.0
3565,22173,0.0
3566,22194,1.0
3567,22209,0.0
3568,22217,0.0
3569,22220,0.0
3570,22222,1.0
3571,22244,0.0
3572,22245,1.0
3573,22250,1.0
3574,22256,1.0
3575,22261,1.0
3576,22264,0.0
3577,22270,0.0
3578,22279,1.0
3579,22280,1.0
3580,22284,1.0
3581,22288,0.0
3582,22293,0.0
3583,22297,1.0
3584,22307,0.0
3585,22310,0.0
3586,22319,0.0
3587,22324,0.0
3588,22326,0.0
3589,22327,0.0
3590,22329,0.0
3591,22331,1.0
3592,22340,1.0
3593,22342,1.0
3594,22347,0.0
3595,22351,1.0
3596,22357,1.0
3597,22361,1.0
3598,22371,0.0
3599,22373,0.0
3600,22391,0.0
3601,22404,1.0
3602,22409,1.0
3603,22411,0.0
3604,22428,1.0
3605,22436,1.0
3606,22444,1.0
3607,22445,1.0
3608,22451,0.0
3609,22463,0.0
3610,22464,0.0
3611,22467,1.0
3612,22472,1.0
3613,22485,0.0
3614,22497,0.0
3615,22504,1.0
3616,22508,0.0
3617,22516,0.0
3618,22522,0.0
3619,22527,1.0
3620,22543,1.0
3621,22549,0.0
3622,22551,1.0
3623,22557,1.0
3624,22562,0.0
3625,22567,1.0
3626,22572,1.0
3627,22575,0.0
3628,22578,0.0
3629,22579,0.0
3630,22580,1.0
3631,22581,0.0
3632,22591,1.0
3633,22593,0.0
3634,22597,0.0
3635,22600,0.0
3636,22602,0.0
3637,22603,1.0
3638,22616,1.0
3639,22617,0.0
3640,22622,1.0
3641,22623,0.0
3642,22624,1.0
3643,22628,0.0
3644,22640,0.0
3645,22641,1.0
3646,22653,1.0
3647,22660,1.0
3648,22672,1.0
3649,22674,0.0
3650,22689,1.0
3651,22698,0.0
3652,22705,0.0
3653,22709,1.0
3654,22711,0.0
3655,22714,0.0
3656,22715,0.0
3657,22729,0.0
3658,22730,0.0
3659,22733,0.0
3660,22750,0.0
3661,22754,0.0
3662,22756,0.0
3663,22758,0.0
3664,22767,0.0
3665,22768,0.0
3666,22769,0.0
3667,22776,0.0
3668,22778,0.0
3669,22780,1.0
3670,22789,0.0
3671,22797,0.0
3672,22799,0.0
3673,22814,0.0
3674,22818,1.0
3675,22821,1.0
3676,22823,0.0
3677,22841,0.0
3678,22847,1.0
3679,22848,0.0
3680,22862,1.0
3681,22875,1.0
3682,22877,1.0
3683,22887,1.0
3684,22892,0.0
3685,22899,0.0
3686,22901,0.0
3687,22907,0.0
3688,22909,1.0
3689,22926,0.0
3690,22927,1.0
3691,22930,1.0
3692,22934,0.0
3693,22937,0.0
3694,22939,0.0
3695,22949,1.0
3696,22951,0.0
3697,22955,0.0
3698,22965,1.0
3699,22966,0.0
3700,22968,1.0
3701,22972,0.0
3702,22975,1.0
3703,22981,0.0
3704,22988,0.0
3705,22994,0.0
3706,22996,1.0
3707,23011,0.0
3708,23028,0.0
3709,23031,0.0
3710,23035,1.0
3711,23038,0.0
3712,23042,1.0
3713,23049,1.0
3714,23051,1.0
3715,23053,0.0
3716,23057,1.0
3717,23058,1.0
3718,23063,0.0
3719,23064,1.0
3720,23067,0.0
3721,23071,1.0
3722,23075,1.0
3723,23077,1.0
3724,23090,0.0
3725,23094,1.0
3726,23097,0.0
3727,23103,0.0
3728,23107,1.0
3729,23117,0.0
3730,23122,1.0
3731,23124,0.0
3732,23126,1.0
3733,23129,0.0
3734,23136,0.0
3735,23141,1.0
3736,23142,0.0
3737,23147,0.0
3738,23154,1.0
3739,23159,0.0
3740,23165,0.0
3741,23171,1.0
3742,23173,0.0
3743,23175,1.0
3744,23179,1.0
3745,23182,1.0
3746,23185,0.0
3747,23188,1.0
3748,23189,0.0
3749,23209,0.0
3750,23214,1.0
3751,23215,0.0
3752,23233,1.0
3753,23241,0.0
3754,23252,1.0
3755,23255,1.0
3756,23263,1.0
3757,23281,1.0
3758,23282,1.0
3759,23289,0.0
3760,23292,0.0
3761,23296,1.0
3762,23297,1.0
3763,23301,1.0
3764,23302,1.0
3765,23304,0.0
3766,23309,0.0
3767,23312,1.0
3768,23316,1.0
3769,23321,1.0
3770,23342,0.0
3771,23344,0.0
3772,23350,0.0
3773,23367,0.0
3774,23368,0.0
3775,23374,1.0
3776,23387,0.0
3777,23389,0.0
3778,23399,1.0
3779,23403,1.0
3780,23406,1.0
3781,23414,0.0
3782,23415,0.0
3783,23419,1.0
3784,23436,0.0
3785,23439,0.0
3786,23444,0.0
3787,23445,0.0
3788,23455,1.0
3789,23469,1.0
3790,23472,0.0
3791,23477,0.0
3792,23478,0.0
3793,23479,0.0
3794,23487,1.0
3795,23490,0.0
3796,23491,1.0
3797,23492,1.0
3798,23494,0.0
3799,23496,0.0
3800,23497,1.0
3801,23506,0.0
3802,23515,1.0
3803,23528,1.0
3804,23532,0.0
3805,23549,1.0
3806,23551,1.0
3807,23552,1.0
3808,23555,0.0
3809,23556,1.0
3810,23564,1.0
3811,23583,1.0
3812,23592,1.0
3813,23597,1.0
3814,23601,0.0
3815,23605,1.0
3816,23615,0.0
3817,23619,0.0
3818,23621,1.0
3819,23626,1.0
3820,23635,0.0
3821,23637,1.0
3822,23640,1.0
3823,23646,1.0
3824,23655,0.0
3825,23672,1.0
3826,23673,1.0
3827,23682,0.0
3828,23683,0.0
3829,23699,0.0
3830,23704,0.0
3831,23707,1.0
3832,23713,0.0
3833,23714,0.0
3834,23716,0.0
3835,23718,0.0
3836,23721,0.0
3837,23735,1.0
3838,23737,1.0
3839,23744,1.0
3840,23749,1.0
3841,23755,1.0
3842,23769,0.0
3843,23772,0.0
3844,23773,1.0
3845,23774,1.0
3846,23779,1.0
3847,23782,0.0
3848,23793,0.0
3849,23803,1.0
3850,23828,0.0
3851,23833,0.0
3852,23834,1.0
3853,23844,1.0
3854,23845,1.0
3855,23852,1.0
3856,23855,1.0
3857,23867,0.0
3858,23872,1.0
3859,23874,1.0
3860,23880,0.0
3861,23886,0.0
3862,23898,0.0
3863,23900,0.0
3864,23903,0.0
3865,23907,0.0
3866,23908,0.0
3867,23912,0.0
3868,23916,1.0
3869,23917,0.0
3870,23918,0.0
3871,23922,0.0
3872,23928,0.0
3873,23940,0.0
3874,23944,0.0
3875,23945,0.0
3876,23951,0.0
3877,23966,1.0
3878,23970,0.0
3879,23971,0.0
3880,23976,0.0
3881,23980,0.0
3882,23987,1.0
3883,23988,1.0
3884,23993,0.0
3885,23997,1.0
3886,23998,1.0
3887,23999,1.0
3888,24010,1.0
3889,24015,1.0
3890,24023,1.0
3891,24033,0.0
3892,24046,1.0
3893,24060,1.0
3894,24062,1.0
3895,24065,0.0
3896,24070,0.0
3897,24071,1.0
3898,24073,1.0
3899,24079,1.0
3900,24082,1.0
3901,24084,0.0
3902,24089,1.0
3903,24094,0.0
3904,24100,0.0
3905,24105,1.0
3906,24106,0.0
3907,24108,0.0
3908,24111,1.0
3909,24120,0.0
3910,24125,1.0
3911,24134,1.0
3912,24140,1.0
3913,24151,0.0
3914,24153,1.0
3915,24154,0.0
3916,24161,0.0
3917,24166,0.0
3918,24170,1.0
3919,24176,0.0
3920,24182,1.0
3921,24188,1.0
3922,24190,0.0
3923,24201,1.0
3924,24211,1.0
3925,24215,1.0
3926,24216,1.0
3927,24219,0.0
3928,24222,1.0
3929,24240,1.0
3930,24243,0.0
3931,24245,1.0
3932,24251,0.0
3933,24256,1.0
3934,24258,0.0
3935,24261,1.0
3936,24263,0.0
3937,24264,0.0
3938,24266,0.0
3939,24273,0.0
3940,24278,0.0
3941,24289,1.0
3942,24292,0.0
3943,24293,0.0
3944,24298,1.0
3945,24299,1.0
3946,24303,1.0
3947,24304,1.0
3948,24305,1.0
3949,24329,0.0
3950,24341,1.0
3951,24345,1.0
3952,24353,0.0
3953,24358,1.0
3954,24364,1.0
3955,24367,1.0
3956,24370,1.0
3957,24377,1.0
3958,24380,0.0
3959,24381,1.0
3960,24387,1.0
3961,24391,0.0
3962,24409,1.0
3963,24413,0.0
3964,24416,0.0
3965,24427,0.0
3966,24439,0.0
3967,24443,1.0
3968,24448,0.0
3969,24454,0.0
3970,24455,0.0
3971,24461,0.0
3972,24464,1.0
3973,24468,0.0
3974,24469,0.0
3975,24501,1.0
3976,24508,1.0
3977,24519,1.0
3978,24520,1.0
3979,24538,1.0
3980,24540,1.0
3981,24550,0.0
3982,24552,0.0
3983,24561,0.0
3984,24577,1.0
3985,24579,1.0
3986,24580,0.0
3987,24582,1.0
3988,24591,0.0
3989,24592,1.0
3990,24599,1.0
3991,24602,0.0
3992,24606,0.0
3993,24617,0.0
3994,24619,0.0
3995,24630,0.0
3996,24633,1.0
3997,24634,1.0
3998,24638,0.0
3999,24641,1.0
4000,24644,1.0
4001,24645,1.0
4002,24656,0.0
4003,24661,0.0
4004,24663,1.0
4005,24667,0.0
4006,24669,0.0
4007,24682,0.0
4008,24698,1.0
4009,24699,1.0
4010,24702,0.0
4011,24703,0.0
4012,24717,1.0
4013,24724,1.0
4014,24731,0.0
4015,24737,0.0
4016,24740,0.0
4017,24743,0.0
4018,24744,1.0
4019,24755,1.0
4020,24757,0.0
4021,24765,1.0
4022,24766,0.0
4023,24776,1.0
4024,24787,1.0
4025,24789,1.0
4026,24791,0.0
4027,24792,1.0
4028,24804,0.0
4029,24812,0.0
4030,24816,0.0
4031,24817,0.0
4032,24820,0.0
4033,24828,0.0
4034,24832,0.0
4035,24836,1.0
4036,24842,0.0
4037,24846,0.0
4038,24847,1.0
4039,24848,1.0
4040,24851,1.0
4041,24855,1.0
4042,24856,0.0
4043,24871,1.0
4044,24874,1.0
4045,24877,0.0
4046,24889,1.0
4047,24897,1.0
4048,24899,1.0
4049,24908,1.0
4050,24913,0.0
4051,24923,1.0
4052,24933,1.0
4053,24971,1.0
4054,24973,1.0
4055,24993,1.0
4056,24998,1.0
4057,25000,1.0
4058,25001,1.0
4059,25002,0.0
4060,25003,1.0
4061,25009,0.0
4062,25024,0.0
4063,25026,1.0
4064,25027,1.0
4065,25034,0.0
4066,25050,1.0
4067,25057,1.0
4068,25067,1.0
4069,25075,1.0
4070,25081,1.0
4071,25085,1.0
4072,25093,0.0
4073,25097,1.0
4074,25103,1.0
4075,25104,1.0
4076,25109,1.0
4077,25112,1.0
4078,25113,0.0
4079,25114,1.0
4080,25119,0.0
4081,25121,1.0
4082,25122,1.0
4083,25124,0.0
4084,25131,0.0
4085,25134,1.0
4086,25144,0.0
4087,25147,1.0
4088,25148,1.0
4089,25149,1.0
4090,25155,1.0
4091,25169,1.0
4092,25177,0.0
4093,25178,1.0
4094,25179,1.0
4095,25180,1.0
4096,25191,0.0
4097,25199,0.0
4098,25232,1.0
4099,25241,0.0
4100,25242,1.0
4101,25243,0.0
4102,25246,1.0
4103,25259,0.0
4104,25265,0.0
4105,25278,0.0
4106,25280,0.0
4107,25284,0.0
4108,25286,0.0
4109,25288,0.0
4110,25318,1.0
4111,25330,1.0
4112,25333,0.0
4113,25339,0.0
4114,25340,0.0
4115,25346,0.0
4116,25349,0.0
4117,25351,0.0
4118,25361,1.0
4119,25366,0.0
4120,25368,1.0
4121,25369,0.0
4122,25370,1.0
4123,25375,0.0
4124,25376,0.0
4125,25377,0.0
4126,25379,0.0
4127,25382,1.0
4128,25386,0.0
4129,25389,1.0
4130,25399,0.0
4131,25400,1.0
4132,25401,1.0
4133,25407,0.0
4134,25409,0.0
4135,25412,1.0
4136,25416,0.0
4137,25418,1.0
4138,25423,0.0
4139,25436,0.0
4140,25439,0.0
4141,25442,0.0
4142,25445,1.0
4143,25446,1.0
4144,25453,0.0
4145,25456,1.0
4146,25458,0.0
4147,25460,0.0
4148,25461,0.0
4149,25468,1.0
4150,25470,0.0
4151,25471,0.0
4152,25482,1.0
4153,25501,0.0
4154,25504,1.0
4155,25515,0.0
4156,25518,1.0
4157,25528,1.0
4158,25533,0.0
4159,25543,0.0
4160,25548,1.0
4161,25564,0.0
4162,25572,1.0
4163,25576,0.0
4164,25577,1.0
4165,25587,0.0
4166,25591,0.0
4167,25596,1.0
4168,25598,0.0
4169,25617,0.0
4170,25618,1.0
4171,25620,0.0
4172,25623,1.0
4173,25626,1.0
4174,25628,1.0
4175,25633,1.0
4176,25637,0.0
4177,25644,0.0
4178,25662,0.0
4179,25663,1.0
4180,25673,0.0
4181,25678,0.0
4182,25685,0.0
4183,25691,0.0
4184,25706,1.0
4185,25707,0.0
4186,25723,1.0
4187,25725,1.0
4188,25735,0.0
4189,25740,1.0
4190,25759,0.0
4191,25761,0.0
4192,25769,0.0
4193,25774,0.0
4194,25779,0.0
4195,25781,1.0
4196,25784,1.0
4197,25790,0.0
4198,25796,0.0
4199,25816,0.0
4200,25847,1.0
4201,25850,0.0
4202,25852,1.0
4203,25856,0.0
4204,25866,0.0
4205,25867,1.0
4206,25868,0.0
4207,25869,1.0
4208,25877,0.0
4209,25878,0.0
4210,25890,1.0
4211,25898,1.0
4212,25899,1.0
4213,25906,1.0
4214,25907,0.0
4215,25915,1.0
4216,25932,0.0
4217,25939,1.0
4218,25946,0.0
4219,25951,1.0
4220,25959,0.0
4221,25961,0.0
4222,25964,0.0
4223,25969,1.0
4224,25980,1.0
4225,25986,1.0
4226,25992,0.0
4227,25998,0.0
4228,26000,0.0
4229,26006,0.0
4230,26009,1.0
4231,26016,1.0
4232,26023,1.0
4233,26038,1.0
4234,26041,0.0
4235,26050,1.0
4236,26051,1.0
4237,26057,0.0
4238,26060,1.0
4239,26062,1.0
4240,26067,1.0
4241,26068,0.0
4242,26072,0.0
4243,26074,1.0
4244,26075,0.0
4245,26081,1.0
4246,26108,0.0
4247,26112,1.0
4248,26113,0.0
4249,26115,1.0
4250,26122,0.0
4251,26139,0.0
4252,26162,0.0
4253,26165,1.0
4254,26173,0.0
4255,26177,0.0
4256,26179,0.0
4257,26184,0.0
4258,26190,0.0
4259,26204,0.0
4260,26205,0.0
4261,26212,1.0
4262,26215,0.0
4263,26227,1.0
4264,26232,0.0
4265,26237,0.0
4266,26246,1.0
4267,26248,0.0
4268,26249,1.0
4269,26260,0.0
4270,26263,0.0
4271,26267,1.0
4272,26269,1.0
4273,26271,1.0
4274,26273,1.0
4275,26286,0.0
4276,26297,1.0
4277,26309,1.0
4278,26313,1.0
4279,26319,1.0
4280,26329,1.0
4281,26330,1.0
4282,26333,0.0
4283,26361,1.0
4284,26366,1.0
4285,26376,1.0
4286,26378,0.0
4287,26382,0.0
4288,26389,0.0
4289,26391,1.0
4290,26401,1.0
4291,26415,0.0
4292,26419,1.0
4293,26421,1.0
4294,26422,1.0
4295,26423,0.0
4296,26424,1.0
4297,26441,1.0
4298,26442,1.0
4299,26446,1.0
4300,26447,1.0
4301,26448,1.0
4302,26451,1.0
4303,26459,0.0
4304,26465,0.0
4305,26476,0.0
4306,26481,0.0
4307,26487,1.0
4308,26501,1.0
4309,26513,0.0
4310,26517,0.0
4311,26527,1.0
4312,26534,1.0
4313,26535,1.0
4314,26545,1.0
4315,26550,0.0
4316,26558,1.0
4317,26571,1.0
4318,26573,1.0
4319,26575,1.0
4320,26578,0.0
4321,26583,1.0
4322,26590,1.0
4323,26593,1.0
4324,26602,0.0
4325,26606,0.0
4326,26613,1.0
4327,26615,0.0
4328,26618,0.0
4329,26628,1.0
4330,26630,0.0
4331,26635,1.0
4332,26645,0.0
4333,26648,1.0
4334,26651,0.0
4335,26660,1.0
4336,26663,1.0
4337,26664,1.0
4338,26665,1.0
4339,26673,0.0
4340,26675,1.0
4341,26676,0.0
4342,26677,0.0
4343,26679,0.0
4344,26687,1.0
4345,26689,0.0
4346,26697,0.0
4347,26737,1.0
4348,26747,1.0
4349,26748,0.0
4350,26749,1.0
4351,26754,1.0
4352,26759,1.0
4353,26760,1.0
4354,26765,1.0
4355,26769,0.0
4356,26771,0.0
4357,26776,0.0
4358,26778,1.0
4359,26780,1.0
4360,26783,0.0
4361,26785,0.0
4362,26800,0.0
4363,26804,0.0
4364,26812,0.0
4365,26816,0.0
4366,26823,1.0
4367,26834,1.0
4368,26836,1.0
4369,26841,1.0
4370,26845,1.0
4371,26849,0.0
4372,26854,0.0
4373,26858,1.0
4374,26860,0.0
4375,26866,0.0
4376,26871,0.0
4377,26873,1.0
4378,26905,0.0
4379,26907,0.0
4380,26920,1.0
4381,26924,0.0
4382,26930,1.0
4383,26942,1.0
4384,26944,0.0
4385,26949,0.0
4386,26952,1.0
4387,26956,1.0
4388,26973,0.0
4389,26977,1.0
4390,26993,1.0
4391,26997,0.0
4392,26999,1.0
4393,27021,1.0
4394,27023,0.0
4395,27025,0.0
4396,27027,1.0
4397,27032,1.0
4398,27034,0.0
4399,27036,0.0
4400,27045,1.0
4401,27050,0.0
4402,27051,1.0
4403,27055,0.0
4404,27056,1.0
4405,27060,1.0
4406,27061,1.0
4407,27066,1.0
4408,27070,1.0
4409,27073,0.0
4410,27077,0.0
4411,27085,1.0
4412,27086,1.0
4413,27099,0.0
4414,27105,1.0
4415,27109,1.0
4416,27125,1.0
4417,27135,0.0
4418,27139,1.0
4419,27140,1.0
4420,27141,1.0
4421,27142,0.0
4422,27144,1.0
4423,27148,0.0
4424,27154,0.0
4425,27162,1.0
4426,27175,0.0
4427,27176,1.0
4428,27178,1.0
4429,27197,1.0
4430,27204,0.0
4431,27205,1.0
4432,27206,0.0
4433,27207,0.0
4434,27216,0.0
4435,27230,0.0
4436,27234,0.0
4437,27241,0.0
4438,27249,1.0
4439,27251,0.0
4440,27252,0.0
4441,27256,1.0
4442,27257,0.0
4443,27263,0.0
4444,27268,0.0
4445,27269,0.0
4446,27276,1.0
4447,27279,1.0
4448,27288,1.0
4449,27295,0.0
4450,27299,0.0
4451,27302,1.0
4452,27304,0.0
4453,27316,1.0
4454,27318,1.0
4455,27330,1.0
4456,27333,1.0
4457,27335,1.0
4458,27339,0.0
4459,27341,0.0
4460,27342,1.0
4461,27345,0.0
4462,27347,1.0
4463,27354,1.0
4464,27361,0.0
4465,27375,1.0
4466,27387,1.0
4467,27390,1.0
4468,27392,1.0
4469,27399,0.0
4470,27403,0.0
4471,27410,1.0
4472,27423,1.0
4473,27429,0.0
4474,27432,1.0
4475,27436,1.0
4476,27437,1.0
4477,27441,1.0
4478,27444,1.0
4479,27445,0.0
4480,27448,0.0
4481,27454,0.0
4482,27459,0.0
4483,27465,1.0
4484,27478,1.0
4485,27479,0.0
4486,27481,0.0
4487,27483,1.0
4488,27486,1.0
4489,27498,1.0
4490,27505,1.0
4491,27507,0.0
4492,27509,0.0
4493,27514,1.0
4494,27527,1.0
4495,27535,0.0
4496,27544,0.0
4497,27545,0.0
4498,27556,0.0
4499,27563,0.0
4500,27569,0.0
4501,27585,1.0
4502,27589,1.0
4503,27605,1.0
4504,27608,1.0
4505,27609,0.0
4506,27611,1.0
4507,27621,0.0
4508,27626,0.0
4509,27629,0.0
4510,27645,1.0
4511,27651,0.0
4512,27654,0.0
4513,27656,1.0
4514,27663,1.0
4515,27673,1.0
4516,27677,0.0
4517,27678,0.0
4518,27680,0.0
4519,27681,0.0
4520,27684,0.0
4521,27688,0.0
4522,27706,0.0
4523,27709,0.0
4524,27720,0.0
4525,27722,0.0
4526,27733,1.0
4527,27734,1.0
4528,27739,0.0
4529,27746,0.0
4530,27751,1.0
4531,27755,0.0
4532,27777,1.0
4533,27783,0.0
4534,27795,0.0
4535,27805,1.0
4536,27811,1.0
4537,27815,1.0
4538,27823,0.0
4539,27856,1.0
4540,27873,1.0
4541,27883,0.0
4542,27885,1.0
4543,27887,0.0
4544,27899,1.0
4545,27921,0.0
4546,27924,1.0
4547,27927,1.0
4548,27929,0.0
4549,27932,1.0
4550,27943,0.0
4551,27945,1.0
4552,27952,1.0
4553,27957,1.0
4554,27960,0.0
4555,27966,0.0
4556,27968,1.0
4557,27980,0.0
4558,27984,0.0
4559,27994,0.0
4560,27995,0.0
4561,28002,1.0
4562,28004,0.0
4563,28006,0.0
4564,28028,1.0
4565,28042,1.0
4566,28043,0.0
4567,28055,1.0
4568,28061,0.0
4569,28063,1.0
4570,28077,1.0
4571,28090,1.0
4572,28093,0.0
4573,28095,0.0
4574,28096,0.0
4575,28098,1.0
4576,28099,0.0
4577,28111,0.0
4578,28115,1.0
4579,28123,1.0
4580,28125,0.0
4581,28126,1.0
4582,28129,0.0
4583,28131,0.0
4584,28139,0.0
4585,28146,0.0
4586,28153,0.0
4587,28155,1.0
4588,28160,1.0
4589,28166,0.0
4590,28167,0.0
4591,28176,1.0
4592,28185,0.0
4593,28187,1.0
4594,28195,1.0
4595,28203,1.0
4596,28206,1.0
4597,28209,0.0
4598,28210,0.0
4599,28211,0.0
4600,28216,1.0
4601,28234,1.0
4602,28235,1.0
4603,28248,1.0
4604,28255,0.0
4605,28266,1.0
4606,28277,1.0
4607,28286,0.0
4608,28288,0.0
4609,28289,1.0
4610,28290,0.0
4611,28296,0.0
4612,28300,1.0
4613,28306,0.0
4614,28307,1.0
4615,28309,1.0
4616,28327,0.0
4617,28336,0.0
4618,28345,1.0
4619,28355,1.0
4620,28361,1.0
4621,28362,1.0
4622,28374,0.0
4623,28380,1.0
4624,28381,0.0
4625,28393,0.0
4626,28394,1.0
4627,28405,0.0
4628,28413,0.0
4629,28426,1.0
4630,28428,1.0
4631,28429,1.0
4632,28442,0.0
4633,28445,0.0
4634,28457,1.0
4635,28459,1.0
4636,28462,1.0
4637,28478,0.0
4638,28490,1.0
4639,28492,0.0
4640,28499,0.0
4641,28500,1.0
4642,28506,1.0
4643,28509,1.0
4644,28513,0.0
4645,28516,0.0
4646,28519,1.0
4647,28526,1.0
4648,28527,1.0
4649,28528,1.0
4650,28533,1.0
4651,28547,0.0
4652,28551,1.0
4653,28563,1.0
4654,28566,0.0
4655,28568,0.0
4656,28580,1.0
4657,28589,1.0
4658,28590,1.0
4659,28606,0.0
4660,28613,0.0
4661,28615,0.0
4662,28619,1.0
4663,28629,1.0
4664,28633,0.0
4665,28635,1.0
4666,28646,0.0
4667,28648,1.0
4668,28651,1.0
4669,28660,0.0
4670,28681,1.0
4671,28693,1.0
4672,28696,0.0
4673,28703,1.0
4674,28709,1.0
4675,28712,0.0
4676,28718,0.0
4677,28719,0.0
4678,28727,0.0
4679,28730,0.0
4680,28732,0.0
4681,28740,0.0
4682,28747,0.0
4683,28752,0.0
4684,28757,1.0
4685,28764,1.0
4686,28765,0.0
4687,28770,1.0
4688,28772,1.0
4689,28783,0.0
4690,28786,1.0
4691,28796,0.0
4692,28799,0.0
4693,28806,1.0
4694,28807,1.0
4695,28815,0.0
4696,28818,0.0
4697,28823,0.0
4698,28824,0.0
4699,28831,1.0
4700,28834,0.0
4701,28841,0.0
4702,28848,0.0
4703,28882,1.0
4704,28884,1.0
4705,28904,0.0
4706,28907,0.0
4707,28919,0.0
4708,28920,1.0
4709,28928,0.0
4710,28935,0.0
4711,28936,0.0
4712,28945,0.0
4713,28950,1.0
4714,28957,1.0
4715,28963,1.0
4716,28974,1.0
4717,28980,1.0
4718,28988,0.0
4719,28999,1.0
4720,29001,1.0
4721,29004,0.0
4722,29006,1.0
4723,29012,1.0
4724,29018,0.0
4725,29027,0.0
4726,29030,0.0
4727,29032,0.0
4728,29039,0.0
4729,29043,1.0
4730,29056,1.0
4731,29064,1.0
4732,29068,0.0
4733,29069,1.0
4734,29074,0.0
4735,29076,0.0
4736,29085,1.0
4737,29088,0.0
4738,29091,0.0
4739,29092,1.0
4740,29093,1.0
4741,29094,0.0
4742,29108,0.0
4743,29114,0.0
4744,29115,0.0
4745,29118,0.0
4746,29125,0.0
4747,29127,1.0
4748,29150,0.0
4749,29152,0.0
4750,29155,0.0
4751,29165,1.0
4752,29167,1.0
4753,29174,0.0
4754,29180,1.0
4755,29185,0.0
4756,29190,0.0
4757,29192,1.0
4758,29194,0.0
4759,29220,0.0
4760,29231,0.0
4761,29237,1.0
4762,29240,1.0
4763,29247,0.0
4764,29256,0.0
4765,29275,0.0
4766,29278,1.0
4767,29280,0.0
4768,29286,1.0
4769,29288,1.0
4770,29305,0.0
4771,29327,0.0
4772,29329,1.0
4773,29333,1.0
4774,29335,0.0
4775,29342,1.0
4776,29344,0.0
4777,29353,1.0
4778,29358,1.0
4779,29373,0.0
4780,29392,0.0
4781,29393,1.0
4782,29395,1.0
4783,29403,1.0
4784,29405,1.0
4785,29410,1.0
4786,29423,0.0
4787,29427,1.0
4788,29429,0.0
4789,29432,1.0
4790,29440,1.0
4791,29447,0.0
4792,29448,0.0
4793,29452,0.0
4794,29455,0.0
4795,29461,0.0
4796,29466,0.0
4797,29474,0.0
4798,29476,1.0
4799,29486,1.0
4800,29494,1.0
4801,29497,0.0
4802,29505,0.0
4803,29511,1.0
4804,29516,0.0
4805,29522,1.0
4806,29523,1.0
4807,29524,0.0
4808,29529,1.0
4809,29533,0.0
4810,29535,0.0
4811,29548,1.0
4812,29551,1.0
4813,29563,0.0
4814,29574,0.0
4815,29575,0.0
4816,29592,0.0
4817,29599,1.0
4818,29608,0.0
4819,29613,0.0
4820,29620,0.0
4821,29630,1.0
4822,29637,1.0
4823,29638,0.0
4824,29643,0.0
4825,29648,0.0
4826,29657,0.0
4827,29659,0.0
4828,29662,1.0
4829,29665,0.0
4830,29699,1.0
4831,29706,0.0
4832,29715,1.0
4833,29716,1.0
4834,29717,0.0
4835,29721,0.0
4836,29731,1.0
4837,29735,1.0
4838,29739,1.0
4839,29742,0.0
4840,29747,1.0
4841,29749,0.0
4842,29754,1.0
4843,29773,1.0
4844,29777,1.0
4845,29779,0.0
4846,29783,0.0
4847,29786,0.0
4848,29805,1.0
4849,29811,1.0
4850,29812,1.0
4851,29815,1.0
4852,29819,0.0
4853,29833,0.0
4854,29847,1.0
4855,29854,1.0
4856,29856,0.0
4857,29859,1.0
4858,29864,1.0
4859,29865,1.0
4860,29867,1.0
4861,29885,0.0
4862,29894,0.0
4863,29900,1.0
4864,29910,1.0
4865,29928,1.0
4866,29942,0.0
4867,29951,0.0
4868,29953,0.0
4869,29962,0.0
4870,29968,0.0
4871,29974,1.0
4872,29980,0.0
4873,29987,0.0
4874,29993,1.0
4875,30001,1.0
4876,30005,0.0
4877,30015,1.0
4878,30034,1.0
4879,30041,1.0
4880,30044,1.0
4881,30058,0.0
4882,30061,0.0
4883,30064,0.0
4884,30065,1.0
4885,30069,0.0
4886,30074,0.0
4887,30076,0.0
4888,30080,0.0
4889,30086,1.0
4890,30087,0.0
4891,30092,0.0
4892,30093,1.0
4893,30096,1.0
4894,30097,0.0
4895,30098,0.0
4896,30102,0.0
4897,30106,0.0
4898,30110,1.0
4899,30111,1.0
4900,30122,1.0
4901,30128,0.0
4902,30130,1.0
4903,30131,0.0
4904,30132,0.0
4905,30135,0.0
4906,30137,1.0
4907,30157,0.0
4908,30158,0.0
4909,30162,0.0
4910,30170,1.0
4911,30174,0.0
4912,30195,0.0
4913,30196,1.0
4914,30204,0.0
4915,30207,1.0
4916,30209,0.0
4917,30212,0.0
4918,30221,1.0
4919,30225,0.0
4920,30229,0.0
4921,30231,0.0
4922,30233,0.0
4923,30237,0.0
4924,30239,0.0
4925,30242,0.0
4926,30244,1.0
4927,30249,0.0
4928,30262,0.0
4929,30286,0.0
4930,30292,0.0
4931,30303,1.0
4932,30320,0.0
4933,30322,1.0
4934,30355,0.0
4935,30356,0.0
4936,30372,0.0
4937,30375,1.0
4938,30379,1.0
4939,30384,1.0
4940,30386,1.0
4941,30394,0.0
4942,30395,1.0
4943,30396,1.0
4944,30397,0.0
4945,30402,1.0
4946,30413,0.0
4947,30416,1.0
4948,30420,0.0
4949,30422,1.0
4950,30432,1.0
4951,30434,0.0
4952,30438,0.0
4953,30444,0.0
4954,30446,1.0
4955,30455,0.0
4956,30457,0.0
4957,30459,1.0
4958,30463,1.0
4959,30468,0.0
4960,30477,0.0
4961,30478,1.0
4962,30481,1.0
4963,30482,0.0
4964,30487,0.0
4965,30491,1.0
4966,30496,1.0
4967,30501,0.0
4968,30506,0.0
4969,30511,0.0
4970,30513,0.0
4971,30516,0.0
4972,30520,1.0
4973,30531,1.0
4974,30542,0.0
4975,30555,1.0
4976,30557,0.0
4977,30568,0.0
4978,30570,1.0
4979,30584,0.0
4980,30594,1.0
4981,30614,0.0
4982,30617,0.0
4983,30618,0.0
4984,30631,1.0
4985,30632,0.0
4986,30634,1.0
4987,30636,1.0
4988,30637,1.0
4989,30639,0.0
4990,30647,0.0
4991,30649,1.0
4992,30656,1.0
4993,30660,1.0
4994,30665,0.0
4995,30669,0.0
4996,30681,1.0
4997,30683,1.0
4998,30687,1.0
4999,30694,1.0
